"","TLS_2_cat_annot"
"AAACACCAATAACTGC-1","NO_TLS"
"AAACAGAGCGACTCCT-1","NO_TLS"
"AAACAGCTTTCAGAAG-1","NO_TLS"
"AAACAGGGTCTATATT-1","NO_TLS"
"AAACCGGGTAGGTACC-1","NO_TLS"
"AAACCGTTCGTCCAGG-1","NO_TLS"
"AAACCTCATGAAGTTG-1","NO_TLS"
"AAACGAGACGGTTGAT-1","NO_TLS"
"AAACGGTTGCGAACTG-1","NO_TLS"
"AAACTGCTGGCTCCAA-1","TLS"
"AAACTTGCAAACGTAT-1","NO_TLS"
"AAAGACCCAAGTCGCG-1","NO_TLS"
"AAAGACTGGGCGCTTT-1","NO_TLS"
"AAAGGCTACGGACCAT-1","NO_TLS"
"AAAGGCTCTCGCGCCG-1","NO_TLS"
"AAAGGGATGTAGCAAG-1","NO_TLS"
"AAAGGGCAGCTTGAAT-1","NO_TLS"
"AAAGTAGCATTGCTCA-1","NO_TLS"
"AAAGTCACTGATGTAA-1","NO_TLS"
"AAAGTCGACCCTCAGT-1","NO_TLS"
"AAAGTGTGATTTATCT-1","NO_TLS"
"AAAGTTGACTCCCGTA-1","NO_TLS"
"AAATAACCATACGGGA-1","NO_TLS"
"AAATACCTATAAGCAT-1","TLS"
"AAATAGCTTAGACTTT-1","NO_TLS"
"AAATAGGGTGCTATTG-1","NO_TLS"
"AAATCGTGTACCACAA-1","NO_TLS"
"AAATGATTCGATCAGC-1","NO_TLS"
"AAATGCTCGTTACGTT-1","NO_TLS"
"AAATGGCCCGTGCCCT-1","NO_TLS"
"AAATGGTCAATGTGCC-1","NO_TLS"
"AAATGTATCTTATCCC-1","NO_TLS"
"AAATTAACGGGTAGCT-1","NO_TLS"
"AAATTAATAAGCGCGA-1","NO_TLS"
"AAATTACACGACTCTG-1","NO_TLS"
"AAATTACCTATCGATG-1","NO_TLS"
"AAATTGATAGTCCTTT-1","NO_TLS"
"AAATTTGCGGGTGTGG-1","NO_TLS"
"AACAACTGGTAGTTGC-1","NO_TLS"
"AACAATACATTGTCGA-1","NO_TLS"
"AACAATTACTCTACGC-1","NO_TLS"
"AACACACGCTCGCCGC-1","NO_TLS"
"AACACGAGACGCGGCC-1","NO_TLS"
"AACAGCTGTGTGGCAA-1","NO_TLS"
"AACAGGAAATCGAATA-1","NO_TLS"
"AACAGGATGGGCCGCG-1","NO_TLS"
"AACATATCAACTGGTG-1","NO_TLS"
"AACATTGTGACTCGAG-1","NO_TLS"
"AACCAAGACTTCTCTG-1","NO_TLS"
"AACCATGGGATCGCTA-1","NO_TLS"
"AACCCAGAGACGGAGA-1","NO_TLS"
"AACCCATCCCATGATC-1","NO_TLS"
"AACCCTACTGTCAATA-1","NO_TLS"
"AACCGAGCTTGGTCAT-1","NO_TLS"
"AACCGCTAAGGGATGC-1","NO_TLS"
"AACCTTTAAATACGGT-1","NO_TLS"
"AACCTTTACGACGTCT-1","NO_TLS"
"AACGATAATGCCGTAG-1","NO_TLS"
"AACGATAGAAGGGCCG-1","NO_TLS"
"AACGATATGTCAACTG-1","NO_TLS"
"AACGCATGATCTGGGT-1","NO_TLS"
"AACGCGACCTTGGGCG-1","NO_TLS"
"AACGCGGTCTCCAGCC-1","NO_TLS"
"AACGGACGTACGTATA-1","NO_TLS"
"AACGGCCATCTCCGGT-1","TLS"
"AACGTACTGTGGGTAC-1","TLS"
"AACGTCAGACTAGTGG-1","NO_TLS"
"AACGTGCGAAAGTCTC-1","NO_TLS"
"AACGTTATCAGCACCT-1","NO_TLS"
"AACTAGGCTTGGGTGT-1","NO_TLS"
"AACTCAAGTTAATTGC-1","NO_TLS"
"AACTCCTAATCCCATG-1","NO_TLS"
"AACTCGATGGCGCAGT-1","NO_TLS"
"AACTCTCAATAGAGCG-1","NO_TLS"
"AACTCTCAGTGTGCTC-1","NO_TLS"
"AACTGATATTAGGCCT-1","NO_TLS"
"AACTGGGTCCCGACGT-1","NO_TLS"
"AACTTCTGCGTCTATC-1","NO_TLS"
"AACTTGCCCGTATGCA-1","NO_TLS"
"AACTTGCGTTCTCGCG-1","NO_TLS"
"AACTTTACGGGAGCTT-1","NO_TLS"
"AAGAAGGATCAGTTAG-1","NO_TLS"
"AAGACCCAACTGAACA-1","NO_TLS"
"AAGACTGCAAGCTACT-1","NO_TLS"
"AAGAGATGAATCGGTA-1","NO_TLS"
"AAGAGGATGTACGCGA-1","NO_TLS"
"AAGAGGCATGGATCGC-1","NO_TLS"
"AAGATGGCACCGGACC-1","NO_TLS"
"AAGATTGGCGGAACGT-1","NO_TLS"
"AAGCACCCTGCGTATC-1","NO_TLS"
"AAGCATACTCTCCTGA-1","NO_TLS"
"AAGCGTCCCTCATCGA-1","NO_TLS"
"AAGCTAGATCGAGTAA-1","TLS"
"AAGCTCGTGCCAAGTC-1","NO_TLS"
"AAGCTCTTTCATGGTG-1","NO_TLS"
"AAGGAGCGGTTGGTGC-1","NO_TLS"
"AAGGATGAGGGACCTC-1","NO_TLS"
"AAGGCGCGTAAAGCTT-1","NO_TLS"
"AAGGCTGTGCTCATCG-1","NO_TLS"
"AAGGGACAGATTCTGT-1","NO_TLS"
"AAGGGACTATGCATTC-1","NO_TLS"
"AAGGTATCCTAATATA-1","NO_TLS"
"AAGGTGATAAACCAGC-1","NO_TLS"
"AAGTAGAAGACCGGGT-1","NO_TLS"
"AAGTAGTGACGCGAGG-1","NO_TLS"
"AAGTCAATTGTCGTCA-1","NO_TLS"
"AAGTCTTCTGTGGCCT-1","NO_TLS"
"AAGTGACGACCGAATT-1","NO_TLS"
"AAGTGAGTCGGGTTTA-1","NO_TLS"
"AAGTGCAAAGGTAGAC-1","NO_TLS"
"AAGTGCGTTAGAATCT-1","NO_TLS"
"AAGTGTTTGGAGACGG-1","NO_TLS"
"AAGTTCACTCCAAGCT-1","NO_TLS"
"AAGTTCAGTCTGCGTA-1","NO_TLS"
"AAGTTCGGCCAACAGG-1","NO_TLS"
"AATAACAACGCTCGGC-1","NO_TLS"
"AATAACACTAGAACAA-1","NO_TLS"
"AATACAATGTTTCAGG-1","NO_TLS"
"AATAGAACAGAGTGGC-1","NO_TLS"
"AATAGAATCTGTTTCA-1","NO_TLS"
"AATAGCTACCGCGTGC-1","NO_TLS"
"AATAGTCCGTCCCGAC-1","NO_TLS"
"AATAGTCGCGAGTCGG-1","NO_TLS"
"AATATCCTAGCAAACT-1","NO_TLS"
"AATATCGAGGGTTCTC-1","NO_TLS"
"AATATTGGAGTATTGA-1","NO_TLS"
"AATCCAAGGGCCTGAG-1","NO_TLS"
"AATCGCCTCAGCGCCA-1","NO_TLS"
"AATCTAGGTTTACTTG-1","NO_TLS"
"AATCTATGCCGGAGCC-1","NO_TLS"
"AATCTCTACTGTGGTT-1","NO_TLS"
"AATCTGCGTTGGGACG-1","NO_TLS"
"AATCTGGCTTTCTAGT-1","NO_TLS"
"AATGACAGCAATGTCT-1","NO_TLS"
"AATGACGTAGGATGTC-1","TLS"
"AATGACTGTCAGCCGG-1","NO_TLS"
"AATGAGTTCGCATATG-1","NO_TLS"
"AATGATGATACGCTAT-1","NO_TLS"
"AATGATGCGACTCCTG-1","NO_TLS"
"AATGCAACCGGGTACC-1","NO_TLS"
"AATGCACCAAGCAATG-1","NO_TLS"
"AATGGTCCACCGTTCA-1","NO_TLS"
"AATGGTTCTCACAAGC-1","NO_TLS"
"AATGTGCCCGAGGTGT-1","NO_TLS"
"AATTAAAGGTCGGCGT-1","NO_TLS"
"AATTAACGGATTTCCA-1","NO_TLS"
"AATTAGCGCTGCAGCG-1","TLS"
"AATTCATAAGGGATCT-1","NO_TLS"
"AATTCCAAGCATGTAC-1","NO_TLS"
"AATTCTAGAGTTAGGC-1","TLS"
"AATTGAACGCTCTGGT-1","TLS"
"AATTTGGGACATAGTA-1","NO_TLS"
"ACAAAGAAGGTAGGCC-1","NO_TLS"
"ACAAATCGCACCGAAT-1","NO_TLS"
"ACAAATGGTAGTGTTT-1","TLS"
"ACAACAGCATGAGCTA-1","NO_TLS"
"ACAACGGTCCCTGCGA-1","NO_TLS"
"ACAAGCAGTGCCTAGC-1","NO_TLS"
"ACAAGCTATATGGAAG-1","NO_TLS"
"ACAAGGAAATCCGCCC-1","NO_TLS"
"ACAAGGACAAGAGGTT-1","NO_TLS"
"ACAAGGGCAGGCTCTG-1","TLS"
"ACAATAGTCGTACGTT-1","NO_TLS"
"ACAATCCATTTAAACC-1","NO_TLS"
"ACAATGAATACGGAGA-1","NO_TLS"
"ACAATTTAGGAGGCTC-1","NO_TLS"
"ACAATTTGAGCAGTGG-1","NO_TLS"
"ACACAAAGACGGGTGG-1","NO_TLS"
"ACACACCAGGACCAGT-1","NO_TLS"
"ACACACTTTCTACACG-1","NO_TLS"
"ACACATGATCAAATCT-1","NO_TLS"
"ACACCCAGCATGCAGC-1","NO_TLS"
"ACACCCGAGAAATCCG-1","NO_TLS"
"ACACCTTAAGTAGGGC-1","NO_TLS"
"ACACGAGACTCCTTCT-1","NO_TLS"
"ACACGGGAACTTAGGG-1","NO_TLS"
"ACACTCCAATGTCACT-1","NO_TLS"
"ACACTGATCAAGGTGT-1","NO_TLS"
"ACAGAACTGAGAACAA-1","NO_TLS"
"ACAGCATAGAGCCAGT-1","NO_TLS"
"ACAGGCTTGCCCGACT-1","NO_TLS"
"ACAGGTGGAGGTGAGG-1","NO_TLS"
"ACAGGTGTGTTGTTGC-1","NO_TLS"
"ACATAATAAGGCGGTG-1","NO_TLS"
"ACATCAGCTGGGACGC-1","NO_TLS"
"ACATCCCGGCCATACG-1","NO_TLS"
"ACATCCTGGTAACTGT-1","NO_TLS"
"ACATCGATCGTTTACC-1","NO_TLS"
"ACATCGGTCAGCCGCG-1","NO_TLS"
"ACATCGTATGCAATGG-1","TLS"
"ACATGGCGCCAAAGTA-1","NO_TLS"
"ACATTAGTTTATATCC-1","TLS"
"ACCAACACCACACACT-1","NO_TLS"
"ACCAACGCTTATTTAT-1","NO_TLS"
"ACCAAGAACGCGTGTC-1","NO_TLS"
"ACCAATATGCAAGTTA-1","NO_TLS"
"ACCACAAGTTTCTATC-1","NO_TLS"
"ACCACGTGCAGCTATA-1","TLS"
"ACCAGACCATAACAAC-1","NO_TLS"
"ACCAGTGCGGGAGACG-1","NO_TLS"
"ACCATATCCGCAATAA-1","NO_TLS"
"ACCATCCGCCAACTAG-1","TLS"
"ACCATCGTATATGGTA-1","NO_TLS"
"ACCCAACGCCCGTGGC-1","NO_TLS"
"ACCCACCTACATGCTC-1","NO_TLS"
"ACCCATCTTGAGGGTA-1","NO_TLS"
"ACCCGGAAACTCCCAG-1","NO_TLS"
"ACCCGGATGACGCATC-1","NO_TLS"
"ACCCGGTTACACTTCC-1","NO_TLS"
"ACCCGTGTCATCAGTA-1","NO_TLS"
"ACCCTATGCCATATCG-1","NO_TLS"
"ACCCTCCCTTGCTATT-1","NO_TLS"
"ACCGAAAGGGCCCTGC-1","NO_TLS"
"ACCGAAGAGTCTGGTT-1","NO_TLS"
"ACCGACACATCTCCCA-1","NO_TLS"
"ACCGACTGAGTCCCAC-1","NO_TLS"
"ACCGATGGTAGCATCG-1","NO_TLS"
"ACCGCAATAACTGCCT-1","NO_TLS"
"ACCGGGCCTTTGTTGA-1","NO_TLS"
"ACCGGTCAGGTACACC-1","NO_TLS"
"ACCGTGACCACGTGGG-1","NO_TLS"
"ACCTAAGTACCTTTCA-1","NO_TLS"
"ACCTAATCGACTTCCT-1","NO_TLS"
"ACCTGCGTGTCATGTT-1","NO_TLS"
"ACGAAATGGGCGGCAC-1","NO_TLS"
"ACGAGGATACCACTCT-1","NO_TLS"
"ACGAGGTTTACAACGT-1","NO_TLS"
"ACGAGTACGGATGCCC-1","NO_TLS"
"ACGATACATAGAACTA-1","NO_TLS"
"ACGATACCTATCCTGA-1","NO_TLS"
"ACGATCATACATAGAG-1","NO_TLS"
"ACGATCATCTTGTAAA-1","NO_TLS"
"ACGATGCATATGTTAT-1","NO_TLS"
"ACGCAAACTAATAGAT-1","NO_TLS"
"ACGCAATCACTACAGC-1","NO_TLS"
"ACGCATTCGTGAGTAC-1","NO_TLS"
"ACGCCAGATGATTTCT-1","NO_TLS"
"ACGCCGCTAGACGACC-1","TLS"
"ACGCGAAGTCAGACGA-1","TLS"
"ACGCGCTACACAGGGT-1","NO_TLS"
"ACGCGGGCCAAGGACA-1","NO_TLS"
"ACGCGTTTCTTAAGAG-1","NO_TLS"
"ACGCTAGTGATACACT-1","NO_TLS"
"ACGCTGTGAGGCGTAG-1","TLS"
"ACGGAATTTAGCAAAT-1","NO_TLS"
"ACGGACTCTCAAAGCG-1","NO_TLS"
"ACGGAGCGCAAATTAC-1","NO_TLS"
"ACGGATGGTGCGGATA-1","NO_TLS"
"ACGGCACTTGCTTGGG-1","NO_TLS"
"ACGGCCAACATGGACT-1","NO_TLS"
"ACGGCGACGATGGGAA-1","NO_TLS"
"ACGGGTCATGTGACTT-1","NO_TLS"
"ACGTAGATTGCTGATG-1","NO_TLS"
"ACGTATTACTCCGATC-1","NO_TLS"
"ACGTCTCGTTCCGGGA-1","NO_TLS"
"ACGTGACAAAGTAAGT-1","NO_TLS"
"ACGTGCGCCTCGTGCA-1","NO_TLS"
"ACGTTAATGTCGAAGA-1","NO_TLS"
"ACGTTAGATTTGCCCG-1","NO_TLS"
"ACGTTATTGGTCACTC-1","NO_TLS"
"ACGTTCCGCGCTCCGT-1","NO_TLS"
"ACGTTCGTTCAGGAAA-1","NO_TLS"
"ACTACCAGCTCTCTGG-1","NO_TLS"
"ACTACGCGTTAGAATT-1","NO_TLS"
"ACTATCCAGGGCATGG-1","NO_TLS"
"ACTATTCGTCCGTGGT-1","NO_TLS"
"ACTATTTCCGGGCCCA-1","NO_TLS"
"ACTCAATAAAGGCACG-1","NO_TLS"
"ACTCAGACCTGCTTCT-1","NO_TLS"
"ACTCCCATTCCTAAAG-1","NO_TLS"
"ACTCCCGAATTCGTTT-1","NO_TLS"
"ACTCCCTAATGCTAAA-1","NO_TLS"
"ACTCCCTAGAATAGTA-1","TLS"
"ACTCGATGTATTTCAT-1","NO_TLS"
"ACTCGTAACCCGTCCT-1","NO_TLS"
"ACTCTAAACCTGGGAT-1","NO_TLS"
"ACTCTCTGACTTAGGT-1","TLS"
"ACTCTTGTATAGTAAC-1","NO_TLS"
"ACTGAATGGCGAAAGT-1","NO_TLS"
"ACTGCCGTCGTAACTC-1","NO_TLS"
"ACTGCTCGGAAGGATG-1","NO_TLS"
"ACTGTACGATACACAT-1","NO_TLS"
"ACTGTAGCACTTTGGA-1","NO_TLS"
"ACTGTATACGCGAGCA-1","NO_TLS"
"ACTGTCCAGGATTATA-1","NO_TLS"
"ACTGTCTTCTTTAGAA-1","NO_TLS"
"ACTGTGCTAGTAGATC-1","NO_TLS"
"ACTTACGCATCCACGC-1","NO_TLS"
"ACTTAGTACGACAAGA-1","NO_TLS"
"ACTTATACTTACCCGG-1","NO_TLS"
"ACTTATTAGGATCGGT-1","NO_TLS"
"ACTTATTTATGTGCCA-1","NO_TLS"
"ACTTCAGGCTGATCCC-1","NO_TLS"
"ACTTCGCCATACGCAC-1","NO_TLS"
"ACTTGACTCCCTCTTT-1","TLS"
"ACTTGGGACCCGGTGG-1","NO_TLS"
"ACTTGTAGTCCCTTCA-1","NO_TLS"
"ACTTTACCCTCATGAA-1","NO_TLS"
"ACTTTCCTATAGCTTC-1","NO_TLS"
"ACTTTGACTGCATCCT-1","NO_TLS"
"AGAACGTGGTACATTC-1","NO_TLS"
"AGAAGGTACACTTCAC-1","NO_TLS"
"AGAAGGTTGCCGAATT-1","NO_TLS"
"AGAAGTGATTCGTGAT-1","NO_TLS"
"AGAATAAATCTTCAGG-1","NO_TLS"
"AGAATTATGGATTCGA-1","NO_TLS"
"AGAATTGTTTGACATA-1","NO_TLS"
"AGACAGCTCAGAATCC-1","NO_TLS"
"AGACCAAACCACACCT-1","NO_TLS"
"AGACCATGGGATACAA-1","NO_TLS"
"AGACCCACCGCTGATC-1","TLS"
"AGACCCGCCCTCCTCG-1","NO_TLS"
"AGACCGGGAAACCCTG-1","TLS"
"AGACGACGATGCCGCT-1","NO_TLS"
"AGACTAGCCTTCCAGA-1","NO_TLS"
"AGACTGTTACCGGGTC-1","NO_TLS"
"AGAGAACCGTCTAGGA-1","NO_TLS"
"AGAGAAGGAGTACAAT-1","NO_TLS"
"AGAGATCTCTAAAGCG-1","TLS"
"AGAGCAGTTATGAGAC-1","NO_TLS"
"AGAGCGGGCTAATCAT-1","NO_TLS"
"AGAGCGTACAAGCTCG-1","NO_TLS"
"AGATAACTTCAGGGCC-1","NO_TLS"
"AGATACCGGTGTTCAC-1","NO_TLS"
"AGATACGACTTCATAT-1","NO_TLS"
"AGATACTCAAGATCGA-1","NO_TLS"
"AGATCGTGCATAAGAT-1","NO_TLS"
"AGATCTCAGGTGTGAT-1","NO_TLS"
"AGATGACTCGCCCACG-1","NO_TLS"
"AGATGATGGAGTCTGG-1","NO_TLS"
"AGATGCAAGACGTGCA-1","NO_TLS"
"AGATGCATCCTGTGTC-1","NO_TLS"
"AGATTATAGGACGTTT-1","NO_TLS"
"AGATTCACAACCGATA-1","NO_TLS"
"AGCAAAGGCCGCTAGT-1","NO_TLS"
"AGCAACATATCTTATT-1","NO_TLS"
"AGCAACCGAAAGTAAT-1","NO_TLS"
"AGCACCAGTACTCACG-1","NO_TLS"
"AGCACTACCGGCCTGT-1","NO_TLS"
"AGCACTACCTCACCAG-1","NO_TLS"
"AGCACTTAAGGACGCC-1","NO_TLS"
"AGCAGAAGGAGAAAGA-1","NO_TLS"
"AGCAGCCAGATGAATA-1","NO_TLS"
"AGCATCATTTCGAAAG-1","NO_TLS"
"AGCATCGTCGATAATT-1","NO_TLS"
"AGCCAAGCTTTGTGTC-1","NO_TLS"
"AGCCACTCCCGTGCTT-1","NO_TLS"
"AGCCCATACATGTAAG-1","NO_TLS"
"AGCCCGGTAGCCTGTA-1","NO_TLS"
"AGCCCTAAGCGAAGTT-1","NO_TLS"
"AGCCGCAAATTCAAAT-1","NO_TLS"
"AGCCGTGGCTAAATGT-1","NO_TLS"
"AGCCTAATACCCACGT-1","NO_TLS"
"AGCCTTAAAGCGGAAG-1","NO_TLS"
"AGCGACAGGAACGGTC-1","NO_TLS"
"AGCGACATCCCATTCA-1","NO_TLS"
"AGCGACCAACGATATT-1","NO_TLS"
"AGCGCATAATGAATCG-1","NO_TLS"
"AGCGCGGGTGCCAATG-1","NO_TLS"
"AGCGGACACTTCGTAG-1","NO_TLS"
"AGCGGCGGTTAGCGGT-1","NO_TLS"
"AGCGGGAAGGGTCCAT-1","NO_TLS"
"AGCGTGGTATTCTACT-1","TLS"
"AGCTAGAAGCAGAAGT-1","NO_TLS"
"AGCTATTTAATCCAAC-1","NO_TLS"
"AGCTCCTTCGCACATC-1","NO_TLS"
"AGCTCTAGACGTTCCA-1","NO_TLS"
"AGCTCTTCCCAGTGCA-1","NO_TLS"
"AGCTCTTCGTAACCTT-1","NO_TLS"
"AGCTCTTTACTCAGTT-1","NO_TLS"
"AGCTGAAGTAAACCAA-1","NO_TLS"
"AGCTGTAACCTCAATC-1","NO_TLS"
"AGCTTGATCTTAACTT-1","NO_TLS"
"AGGAAGCTGTCCGCCG-1","NO_TLS"
"AGGACAGTCGAATCCC-1","TLS"
"AGGACATCGCACGTCG-1","NO_TLS"
"AGGACGACCCATTAGA-1","NO_TLS"
"AGGACGCTCGATGTTG-1","NO_TLS"
"AGGATAAAGTCGGGAT-1","NO_TLS"
"AGGATATAGGGATTTA-1","NO_TLS"
"AGGATCACGCGATCTG-1","NO_TLS"
"AGGCAGATGCGTAAAC-1","NO_TLS"
"AGGCAGGGAGCGTACT-1","NO_TLS"
"AGGCCACCCGTTATGA-1","NO_TLS"
"AGGCCCATTGTACAGG-1","NO_TLS"
"AGGCCCTAGAACGCCA-1","NO_TLS"
"AGGCGGTTTGTCCCGC-1","NO_TLS"
"AGGCTATGGTTAGCTT-1","NO_TLS"
"AGGCTTCCCGAAGAAG-1","TLS"
"AGGCTTGCTAGACACC-1","NO_TLS"
"AGGGAAACGAGGTACT-1","NO_TLS"
"AGGGACTCTACGCGAC-1","NO_TLS"
"AGGGCGAGCAGCTGAT-1","NO_TLS"
"AGGGCGTGATCGGCTA-1","NO_TLS"
"AGGGCTGCAGTTACAG-1","NO_TLS"
"AGGGTCGATGCGAACT-1","NO_TLS"
"AGGGTGCTCTCGAGGG-1","NO_TLS"
"AGGGTGGATAGTGCAT-1","NO_TLS"
"AGGGTTCCCTTTGGTT-1","NO_TLS"
"AGGGTTTAGTTCGGGA-1","NO_TLS"
"AGGTAACCTCCTATTC-1","NO_TLS"
"AGGTAGGTACAAAGCT-1","NO_TLS"
"AGGTCGCGGAGTTACT-1","NO_TLS"
"AGGTGGTGACCTTCGC-1","NO_TLS"
"AGGTGTATCGCCATGA-1","NO_TLS"
"AGGTTGAGGCACGCTT-1","NO_TLS"
"AGGTTTCACACACCTT-1","NO_TLS"
"AGTAATGTCTTGCCGC-1","NO_TLS"
"AGTACATCATTTATCA-1","NO_TLS"
"AGTACGGCCCGTATCG-1","NO_TLS"
"AGTACGGGCACCTGGC-1","NO_TLS"
"AGTACTCTTATGCCCA-1","NO_TLS"
"AGTAGGTAACATACAT-1","NO_TLS"
"AGTATAATACTAGGCA-1","NO_TLS"
"AGTATACACAGCGACA-1","NO_TLS"
"AGTATGCTGGAGACCA-1","NO_TLS"
"AGTATTTGGCACGACC-1","NO_TLS"
"AGTCAACACCACCATC-1","NO_TLS"
"AGTCAAGATGACACTT-1","NO_TLS"
"AGTCAGCCACCGCCTG-1","NO_TLS"
"AGTCCATTGGCTGATG-1","NO_TLS"
"AGTCCCGCCTTTAATT-1","NO_TLS"
"AGTCGACGGTCTCAAG-1","NO_TLS"
"AGTCGGCCCAAACGAC-1","NO_TLS"
"AGTCGGCTCAACTTTA-1","NO_TLS"
"AGTCGTGGGCATTACG-1","NO_TLS"
"AGTCTCACAAGACTAC-1","NO_TLS"
"AGTCTGGACATCCTTG-1","NO_TLS"
"AGTCTTCTCCTCAAAT-1","NO_TLS"
"AGTGAACAAACTTCTC-1","NO_TLS"
"AGTGACCTACTTTACG-1","NO_TLS"
"AGTGAGACTTCCAGTA-1","NO_TLS"
"AGTGAGCCTCGCCGCC-1","NO_TLS"
"AGTGATATGAGTAGTT-1","NO_TLS"
"AGTGATTCAAGCAGGA-1","NO_TLS"
"AGTGCGTAGCTCGTAA-1","TLS"
"AGTGCTTGCACGAATA-1","NO_TLS"
"AGTGGCGGCAATTTGA-1","NO_TLS"
"AGTGGCTCCGTCGGCC-1","TLS"
"AGTGGTGTTACCCGTG-1","NO_TLS"
"AGTGGTTGCGTATAGG-1","NO_TLS"
"AGTGTATTGCGCATTG-1","NO_TLS"
"AGTGTGCTAAGATCGC-1","NO_TLS"
"AGTGTGGTCTATTGTG-1","NO_TLS"
"AGTTAAACACTTGCGA-1","NO_TLS"
"AGTTAAGCGGTCCCGG-1","NO_TLS"
"AGTTAAGTCAACCGCT-1","NO_TLS"
"AGTTACCCTTAAGACT-1","NO_TLS"
"AGTTACCGCACATGGT-1","NO_TLS"
"AGTTACTCTATCGTGG-1","NO_TLS"
"AGTTCACCGGTTGGAC-1","NO_TLS"
"AGTTCCTACAGAATTA-1","NO_TLS"
"AGTTCCTATTTATGTT-1","NO_TLS"
"AGTTCTGCGTTGTATC-1","NO_TLS"
"AGTTGACATCGGCTGG-1","NO_TLS"
"AGTTGACGGTCCTTGC-1","NO_TLS"
"AGTTGCTGACTGATAT-1","NO_TLS"
"AGTTTGCACCTGCCTC-1","NO_TLS"
"AGTTTGGCCAGACCTA-1","NO_TLS"
"ATAAACGGACCCGTAA-1","TLS"
"ATAAAGGCTCGGTCGT-1","NO_TLS"
"ATAAATATTAGCAGCT-1","NO_TLS"
"ATAACGCCGGAGGGTC-1","NO_TLS"
"ATAACGGAGTCCAACG-1","NO_TLS"
"ATAAGGTGGAGAACAT-1","TLS"
"ATAAGTAGGATTCAGA-1","NO_TLS"
"ATAAGTAGGGCGACTC-1","NO_TLS"
"ATAAGTTACCGCGACG-1","NO_TLS"
"ATAATACCGTTAGCCG-1","NO_TLS"
"ATAATAGCTGTTGAAT-1","TLS"
"ATAATAGTGTAGGGAC-1","NO_TLS"
"ATAATCTTGGAGAACC-1","NO_TLS"
"ATAATTAGCTAAGTAG-1","NO_TLS"
"ATACAGGCCCTCCAAT-1","NO_TLS"
"ATACCACGGGCAACTT-1","NO_TLS"
"ATACCAGGCTAATAGA-1","NO_TLS"
"ATACCTAACCAAGAAA-1","NO_TLS"
"ATACGCCGGCGAAACC-1","NO_TLS"
"ATACGGAACGTCGTTT-1","NO_TLS"
"ATACGGGTTTCGATTG-1","NO_TLS"
"ATACGGTGAAGATGCA-1","NO_TLS"
"ATACGTACTTAGCCAC-1","NO_TLS"
"ATACGTCCACTCCTGT-1","NO_TLS"
"ATACGTTATGCACGGA-1","NO_TLS"
"ATACTAGCATGACCCT-1","NO_TLS"
"ATACTGCCTTACACCG-1","NO_TLS"
"ATACTTGTTCTCGAGC-1","NO_TLS"
"ATAGACAACGGGACCT-1","NO_TLS"
"ATAGACGAAGAGAAAG-1","NO_TLS"
"ATAGAGTACTGGGACA-1","NO_TLS"
"ATAGAGTTATCAACTT-1","NO_TLS"
"ATAGCCTCAGTACCCA-1","NO_TLS"
"ATAGCTGCTCTTGTTA-1","NO_TLS"
"ATAGGCGGCTATAGAA-1","NO_TLS"
"ATAGGCTAGCTTCGCA-1","NO_TLS"
"ATAGGGATATCCTTGA-1","NO_TLS"
"ATAGGTTGGGCAGATG-1","NO_TLS"
"ATAGTGAAGCGTTCTC-1","NO_TLS"
"ATAGTTCCACCCACTC-1","NO_TLS"
"ATATAAAGCGCTCGTG-1","NO_TLS"
"ATATAAATGTAGCTGC-1","NO_TLS"
"ATATACATGTATGGTA-1","NO_TLS"
"ATATCAACCTACAGAG-1","NO_TLS"
"ATATCTCCCTCGTTAA-1","NO_TLS"
"ATATCTTAGGGCCTTC-1","NO_TLS"
"ATATGTCTCCCTAGCC-1","NO_TLS"
"ATATTCAGTTAAACCT-1","NO_TLS"
"ATATTCCACATAGTGA-1","NO_TLS"
"ATATTCCCACAGGTCA-1","NO_TLS"
"ATATTGCTGTCAAAGT-1","NO_TLS"
"ATATTTAACCCTCAAG-1","NO_TLS"
"ATCAAACGAAGGTTTG-1","NO_TLS"
"ATCAATCTGGGCTGCA-1","NO_TLS"
"ATCACATTAGAATATC-1","NO_TLS"
"ATCACGTGCTAATTAA-1","NO_TLS"
"ATCACTTCATCCTCGC-1","NO_TLS"
"ATCAGACGGCACGCCG-1","NO_TLS"
"ATCAGCCTCATGCTGC-1","NO_TLS"
"ATCAGCTCGTCCACTA-1","NO_TLS"
"ATCAGTAGGCAGGGAT-1","NO_TLS"
"ATCATCCAATATTTGT-1","NO_TLS"
"ATCCAACGCAGTCATA-1","NO_TLS"
"ATCCAATGGAGGGTCC-1","NO_TLS"
"ATCCAATGGTACCGAA-1","NO_TLS"
"ATCCACATCGACAGAA-1","NO_TLS"
"ATCCAGAGCAACAACC-1","NO_TLS"
"ATCCAGGATTCGTGAA-1","NO_TLS"
"ATCCTACCTAAGCTCT-1","NO_TLS"
"ATCCTGAATCGCTGCG-1","NO_TLS"
"ATCCTGCGTGGAATGG-1","TLS"
"ATCGACCCAATACAGA-1","NO_TLS"
"ATCGACTCTTTCCGTT-1","NO_TLS"
"ATCGCACGCCGGGAGA-1","NO_TLS"
"ATCGCTGCGTGCAGCA-1","NO_TLS"
"ATCGGAGACAGACGGC-1","NO_TLS"
"ATCGGCAAGCAGTCCA-1","NO_TLS"
"ATCGGTTACCTAGTAA-1","NO_TLS"
"ATCGTATTCCGAGAAC-1","NO_TLS"
"ATCTAATATCCTACGG-1","NO_TLS"
"ATCTCCCTGCAATCTA-1","NO_TLS"
"ATCTGACATGGAAGGA-1","NO_TLS"
"ATCTGATAGTGTCTTA-1","NO_TLS"
"ATCTGCACCTCTGCGA-1","NO_TLS"
"ATCTGCTGTTATCGCC-1","NO_TLS"
"ATCTGGGCTGTTCTTG-1","NO_TLS"
"ATCTGGTTAAGACTGT-1","NO_TLS"
"ATCTGTAATTGTACCC-1","NO_TLS"
"ATCTTGACCTGCAACG-1","NO_TLS"
"ATCTTGACTTGTCCAA-1","NO_TLS"
"ATGAAGCCAAGGAGCC-1","NO_TLS"
"ATGAAGTGGACCCAGC-1","NO_TLS"
"ATGACGCCGGCTCTAA-1","NO_TLS"
"ATGACGCGTTCTATCC-1","NO_TLS"
"ATGACTATCAGCTGTG-1","NO_TLS"
"ATGACTATGCGACATT-1","NO_TLS"
"ATGAGGAGTGTTAATC-1","NO_TLS"
"ATGATCGGGAATAGAC-1","NO_TLS"
"ATGATGCAATGGTACA-1","NO_TLS"
"ATGCACCTTCCTTAAT-1","NO_TLS"
"ATGCACTACCGCATTG-1","NO_TLS"
"ATGCATGATCCAGGAT-1","NO_TLS"
"ATGCCATTTGCGACCA-1","NO_TLS"
"ATGCCGGTCTTGCATA-1","NO_TLS"
"ATGCCGGTTGATGGGA-1","NO_TLS"
"ATGCGACAGTCCCATT-1","NO_TLS"
"ATGCTCAGTGTTGCAT-1","NO_TLS"
"ATGCTCTGGCGCGGTA-1","NO_TLS"
"ATGGAAATTTAAGGAG-1","NO_TLS"
"ATGGAGCAGGCCGTGA-1","NO_TLS"
"ATGGATCCGGCGTCCG-1","NO_TLS"
"ATGGATTGACCAAACG-1","NO_TLS"
"ATGGCAGCCGAGAAAC-1","NO_TLS"
"ATGGGCCTCGGCCTCT-1","NO_TLS"
"ATGGTCGCGTGGTTTC-1","NO_TLS"
"ATGTACGATGACGTCG-1","NO_TLS"
"ATGTGAAAGCCTAATG-1","NO_TLS"
"ATGTGCATCCGACGCA-1","NO_TLS"
"ATGTGGACATCTTGAT-1","TLS"
"ATGTTACGAGCAATAC-1","NO_TLS"
"ATGTTCCTGCCCACCT-1","NO_TLS"
"ATGTTCGTCGACCCAC-1","NO_TLS"
"ATGTTGTAGTCTGTTT-1","NO_TLS"
"ATTAAACATGCGGACC-1","NO_TLS"
"ATTAATACTACGCGGG-1","NO_TLS"
"ATTAATGAACCAGTCG-1","NO_TLS"
"ATTACAACTACCGGCC-1","NO_TLS"
"ATTACGCGCTGGCAGG-1","NO_TLS"
"ATTACTAGCCTCTTGC-1","NO_TLS"
"ATTACTTACTGGGCAT-1","NO_TLS"
"ATTAGATTCCTCAGCA-1","NO_TLS"
"ATTAGATTGATAGCGG-1","NO_TLS"
"ATTAGGCGATGCTTTC-1","NO_TLS"
"ATTATACTTTGCTCGT-1","NO_TLS"
"ATTATGCCATAGGGAG-1","NO_TLS"
"ATTATTATGTCCGTCA-1","NO_TLS"
"ATTCACTGATGTTGGA-1","NO_TLS"
"ATTCAGGACCTATTTC-1","NO_TLS"
"ATTCAGTAGCAGGGTC-1","NO_TLS"
"ATTCATATACTGTCCA-1","TLS"
"ATTCCCACATAAACAA-1","NO_TLS"
"ATTCCTCCGCCAGTGC-1","NO_TLS"
"ATTCGACGCCGGGCCT-1","NO_TLS"
"ATTCTCGTCTCTTTAG-1","NO_TLS"
"ATTGAAGATCTTAGTG-1","NO_TLS"
"ATTGATCACCACATTT-1","NO_TLS"
"ATTGCTGCTCCTCCAT-1","NO_TLS"
"ATTGGGAATATCTTGG-1","NO_TLS"
"ATTGGTAGGATCCGCT-1","NO_TLS"
"ATTGTACAACTCGGCT-1","NO_TLS"
"ATTGTCGCAATACCTT-1","NO_TLS"
"ATTTAACTCGTATTAC-1","NO_TLS"
"ATTTACAGTTTACTGG-1","NO_TLS"
"ATTTCATTATTTCGCG-1","NO_TLS"
"ATTTCCGGGTTCTGCG-1","NO_TLS"
"ATTTGCGCGAGTAGCT-1","NO_TLS"
"ATTTGTCTTGGGAGCT-1","NO_TLS"
"ATTTGTTCCAGGGCTC-1","NO_TLS"
"CAAACCAGGTCTGCAT-1","NO_TLS"
"CAAACGAGTATCGCAG-1","TLS"
"CAAACGGTCGCACTTT-1","NO_TLS"
"CAAACTACGATAGAGA-1","NO_TLS"
"CAAAGATTATTGGGCC-1","NO_TLS"
"CAAATCTCTCACAAGG-1","NO_TLS"
"CAAATGTCCTTCCGTG-1","NO_TLS"
"CAACGACCCGTTTACA-1","NO_TLS"
"CAACGGTTCTTGATAC-1","NO_TLS"
"CAACTATATCGAATGC-1","NO_TLS"
"CAACTCCTTGATCCCG-1","NO_TLS"
"CAACTGCTCATCCGAT-1","NO_TLS"
"CAACTTGTAGTGGGCA-1","NO_TLS"
"CAAGAGGGCGGAGTAC-1","TLS"
"CAAGATATTATAACGT-1","NO_TLS"
"CAAGCAACGTCGGAGT-1","NO_TLS"
"CAAGCACCAAATGCCT-1","NO_TLS"
"CAAGCGGCACATAATT-1","NO_TLS"
"CAAGGATCGCATGTTC-1","NO_TLS"
"CAAGTGTGGTTGCAAA-1","NO_TLS"
"CAATAAACCTTGGCCC-1","NO_TLS"
"CAATACGCTCTGAGGC-1","NO_TLS"
"CAATATTCTTGACCTA-1","NO_TLS"
"CAATCCCTATACCAGC-1","NO_TLS"
"CAATCCTGCCGTGGAG-1","NO_TLS"
"CAATGCGAGAAGTATC-1","NO_TLS"
"CAATGGATCTCTACCA-1","NO_TLS"
"CAATTAAGGGTGATGA-1","NO_TLS"
"CAATTTCGTATAAGGG-1","NO_TLS"
"CACAATGAGCTGCTAT-1","NO_TLS"
"CACACAGGGATAGATT-1","NO_TLS"
"CACACGCGCTGTCTTA-1","NO_TLS"
"CACAGCACCCACGGCA-1","NO_TLS"
"CACAGCTAGGGAGTGA-1","NO_TLS"
"CACAGGGCCGTTGTCA-1","NO_TLS"
"CACATATTAGCAGGAT-1","TLS"
"CACATCGTGCACGCGC-1","NO_TLS"
"CACATCTCACCGACGA-1","NO_TLS"
"CACATGATTCAGCAAC-1","NO_TLS"
"CACATTCTTTCGATGG-1","NO_TLS"
"CACCACGCCACACAGA-1","NO_TLS"
"CACCAGTCAGCATGCA-1","NO_TLS"
"CACCCAAATCTTATGT-1","NO_TLS"
"CACCCACACGTCACCC-1","NO_TLS"
"CACCCACGAGGCAATT-1","NO_TLS"
"CACCCGGTTTGTGACT-1","NO_TLS"
"CACCCTAACAAGATCT-1","NO_TLS"
"CACCCTTGGTGAGACC-1","NO_TLS"
"CACCGCCAGAAGGTTT-1","NO_TLS"
"CACCGTTAGGGATCAC-1","NO_TLS"
"CACCGTTGCGCGATAT-1","NO_TLS"
"CACCTAATAGAGTCGT-1","NO_TLS"
"CACCTAATCAGTTTAC-1","NO_TLS"
"CACCTCGATGGTGGAC-1","NO_TLS"
"CACCTTGCGAAACTCG-1","NO_TLS"
"CACCTTGGCGCCTTTG-1","NO_TLS"
"CACGAAAGTTAGTCCC-1","NO_TLS"
"CACGCACAGCGCAGCT-1","NO_TLS"
"CACGCAGCGAGGCTTT-1","NO_TLS"
"CACGCGGAACTGTTGC-1","NO_TLS"
"CACGGGATTGAGGGTT-1","NO_TLS"
"CACGTCGGCAACCTCT-1","TLS"
"CACGTTCGTGCTCTAG-1","NO_TLS"
"CACGTTTCGTACACAC-1","NO_TLS"
"CACTAAAGTTGCCTAT-1","NO_TLS"
"CACTCAAGAGCTATGG-1","NO_TLS"
"CACTCCTATGTAAGAT-1","NO_TLS"
"CACTCCTCTCGGTCGG-1","NO_TLS"
"CACTCGAGCTGAACAA-1","TLS"
"CACTCGGTTAGGAGGA-1","NO_TLS"
"CACTGACGATTGTGGA-1","NO_TLS"
"CACTGTCCAAGTGAGA-1","NO_TLS"
"CACTTAATCAGACGGA-1","NO_TLS"
"CACTTCGCCACAGGCT-1","NO_TLS"
"CACTTCGTCTTATCTC-1","NO_TLS"
"CAGAACTTAGCCCTCT-1","NO_TLS"
"CAGACACCGATCGCTG-1","NO_TLS"
"CAGACCTGTAAGTGTT-1","NO_TLS"
"CAGACGAACCTGATAC-1","NO_TLS"
"CAGAGACGGTCACCCA-1","NO_TLS"
"CAGAGCATGAGCTTGC-1","NO_TLS"
"CAGAGGCGATGCATGA-1","NO_TLS"
"CAGATACTAACATAGT-1","NO_TLS"
"CAGATCATTTAAAGTC-1","NO_TLS"
"CAGATCCTGGTTTGAA-1","NO_TLS"
"CAGCAGCCCGTTCCTT-1","NO_TLS"
"CAGCAGTCTGTGCTGC-1","NO_TLS"
"CAGCCGGGCCCTCTAT-1","NO_TLS"
"CAGCCTCCTGCAGAGG-1","NO_TLS"
"CAGCCTCTCCTCAAGA-1","NO_TLS"
"CAGCGATTCCCTTCAA-1","NO_TLS"
"CAGCGCCAACACGATA-1","NO_TLS"
"CAGCTCACTGAGACAT-1","NO_TLS"
"CAGCTCGACAAGTTAA-1","NO_TLS"
"CAGCTCGTGCTTGTGT-1","NO_TLS"
"CAGCTGGCGTAACCGT-1","NO_TLS"
"CAGCTTAGTAGGTAGC-1","NO_TLS"
"CAGGAAGACTTTATAT-1","NO_TLS"
"CAGGATATATCGTTGT-1","NO_TLS"
"CAGGCCGTTTGGGTGT-1","NO_TLS"
"CAGGCGCACGGTGGTC-1","NO_TLS"
"CAGGCGCCATGCTAGG-1","TLS"
"CAGTAACTATTTATTG-1","NO_TLS"
"CAGTAATCCCTCCCAG-1","NO_TLS"
"CAGTACATTCTCTAAA-1","NO_TLS"
"CAGTACCAGTTTACGT-1","NO_TLS"
"CAGTAGCCCACGCGGT-1","NO_TLS"
"CAGTCGAGGATGCAAT-1","NO_TLS"
"CAGTCGGCCTAGATAT-1","NO_TLS"
"CAGTCTGTATACTGGG-1","NO_TLS"
"CAGTGAATAAATGACT-1","NO_TLS"
"CAGTGGTTGCACATGA-1","NO_TLS"
"CAGTGTCCGCAGAATG-1","NO_TLS"
"CAGTGTCGGCTGGCCC-1","NO_TLS"
"CAGTTCAAATTGACAC-1","NO_TLS"
"CAGTTCCGCGGGTCGA-1","NO_TLS"
"CATAACGGACAGTCGT-1","NO_TLS"
"CATAAGAAGCTTGGCT-1","NO_TLS"
"CATAAGCTCTCCGTCT-1","TLS"
"CATACAAAGCCGAACC-1","NO_TLS"
"CATACACGGTTCCCAC-1","NO_TLS"
"CATACCCGTACCCAGT-1","NO_TLS"
"CATACGGCGTCTGGGC-1","NO_TLS"
"CATACTATGTAATTGT-1","NO_TLS"
"CATAGCCGCCCGGGAT-1","NO_TLS"
"CATAGCGTTGCCCACC-1","NO_TLS"
"CATAGTACATTGAGAG-1","NO_TLS"
"CATAGTAGCATAGTAG-1","NO_TLS"
"CATAGTCCACAAGAAC-1","NO_TLS"
"CATATACTACTGATAA-1","NO_TLS"
"CATATAGGTACAGTCA-1","NO_TLS"
"CATATGTCAGGCTACG-1","NO_TLS"
"CATCCGCAGGCCCGAA-1","NO_TLS"
"CATCCTCTCAAAGATC-1","NO_TLS"
"CATCGCCCGCGGCCAA-1","NO_TLS"
"CATCGGACGGGTTAAT-1","NO_TLS"
"CATCGTCCGGTTACTA-1","NO_TLS"
"CATCTATCCCGTGTCT-1","NO_TLS"
"CATCTGCAGGATCATT-1","NO_TLS"
"CATCTTACACCACCTC-1","NO_TLS"
"CATGAACCGACATTTG-1","NO_TLS"
"CATGACTTCGCTGAAT-1","NO_TLS"
"CATGAGATGCACTCTC-1","NO_TLS"
"CATGATGCACAATTCT-1","NO_TLS"
"CATGCCAACTCGCAAA-1","NO_TLS"
"CATGCGACCAGTTTAA-1","NO_TLS"
"CATGCGTTAGACAGAA-1","NO_TLS"
"CATGCTGGCTCCAATT-1","NO_TLS"
"CATGGCAGGAAGATCG-1","NO_TLS"
"CATGGGTATGCCTTAT-1","NO_TLS"
"CATGGGTCGGGTGTGG-1","NO_TLS"
"CATGGTAAGTAGCGTT-1","TLS"
"CATGGTCTAGATACCG-1","NO_TLS"
"CATGTAAGAGACATTT-1","NO_TLS"
"CATGTCTCATTTATGG-1","NO_TLS"
"CATTACGTCGGCCCGT-1","NO_TLS"
"CATTATGCTTGTTGTG-1","NO_TLS"
"CATTGCGAAATGGGCG-1","NO_TLS"
"CATTGTGTGCTAGATC-1","NO_TLS"
"CATTTAGCGGACCATG-1","NO_TLS"
"CATTTCTAGCAGACTA-1","NO_TLS"
"CATTTGAGTGGTACGT-1","NO_TLS"
"CCAAACAGAACCCTCG-1","NO_TLS"
"CCAACGATGCACTGAT-1","NO_TLS"
"CCAAGAAAGTGGGCGA-1","NO_TLS"
"CCAAGACTTCTGCGAA-1","NO_TLS"
"CCAAGCGTAACTCGTA-1","NO_TLS"
"CCAAGGAACAGAGAGG-1","NO_TLS"
"CCAATAGATTTCATCT-1","NO_TLS"
"CCAATAGTGCCGTCGA-1","NO_TLS"
"CCAATCGGTAGATCGA-1","NO_TLS"
"CCAATGTCACAGCAAG-1","NO_TLS"
"CCAATTACGGGTCGAG-1","NO_TLS"
"CCAATTGAATGTTAAT-1","NO_TLS"
"CCACAATGTACGTCTT-1","NO_TLS"
"CCACACTGAGATATTA-1","NO_TLS"
"CCACAGTACCCATCCT-1","NO_TLS"
"CCACCAACTTTACTGT-1","NO_TLS"
"CCACCCAAGGAAAGTG-1","NO_TLS"
"CCACGAGAAGAGAATC-1","NO_TLS"
"CCACGGAGCCATAAGA-1","NO_TLS"
"CCACGGTGCCCGGTAG-1","NO_TLS"
"CCACTGGTGGCTGGTT-1","TLS"
"CCAGAAAGCAACTCAT-1","NO_TLS"
"CCAGAGACAAAGCCGG-1","NO_TLS"
"CCAGATAGTTGAGTGA-1","NO_TLS"
"CCAGCCTGGACCAATA-1","NO_TLS"
"CCAGCTCGAACGCATT-1","NO_TLS"
"CCAGCTGATGGTACTT-1","NO_TLS"
"CCAGCTTCCGCCCGCA-1","NO_TLS"
"CCAGGGACGTGGCCTC-1","NO_TLS"
"CCAGTAGTCTGATCCA-1","NO_TLS"
"CCAGTCAAATCTCTTA-1","NO_TLS"
"CCAGTCTAGACGGCGC-1","NO_TLS"
"CCAGTCTTGTCATAGA-1","NO_TLS"
"CCATAAACAACCCGAC-1","NO_TLS"
"CCATAACCTGTGCAGT-1","NO_TLS"
"CCATACCTTTACTTGT-1","NO_TLS"
"CCATACTCGCCTCTCC-1","NO_TLS"
"CCATAGGTTGGCGTGG-1","NO_TLS"
"CCATAGTCAGTAACCC-1","NO_TLS"
"CCATCCATACCAAGTC-1","NO_TLS"
"CCATCGCAGTTAAACT-1","TLS"
"CCATCTCACCAGTGAA-1","NO_TLS"
"CCATGCCTGTTTAGTA-1","NO_TLS"
"CCATGCTCTGCAGGAA-1","NO_TLS"
"CCATGGCCCTTGTACC-1","NO_TLS"
"CCATTAGCGATAATCC-1","NO_TLS"
"CCATTCCCTGCCCACA-1","NO_TLS"
"CCATTTCTACCTATTA-1","NO_TLS"
"CCCAAACATGCTGCTC-1","NO_TLS"
"CCCAACATACGTCGCG-1","NO_TLS"
"CCCAATGAGATTTGCA-1","NO_TLS"
"CCCAATTTCACAACTT-1","NO_TLS"
"CCCACTCCACGGTATC-1","NO_TLS"
"CCCAGAGGAGGGCGTA-1","NO_TLS"
"CCCAGTAAACTTGGGA-1","NO_TLS"
"CCCAGTTAAGGCGCCG-1","TLS"
"CCCGAAGTTTCGCGAA-1","NO_TLS"
"CCCGACCATAGTCCGC-1","NO_TLS"
"CCCGCAGCGCGAACTA-1","TLS"
"CCCGCCATGCTCCCGT-1","NO_TLS"
"CCCGCGCAATGCACCC-1","NO_TLS"
"CCCGGGTCGTTCAGGG-1","NO_TLS"
"CCCGGTGGAAGAACCT-1","NO_TLS"
"CCCGGTGTATCGGAAT-1","NO_TLS"
"CCCGTAAGTCTAGGCC-1","NO_TLS"
"CCCGTAGCTGGGAAGA-1","NO_TLS"
"CCCGTCAGCGTCTGAC-1","NO_TLS"
"CCCGTGAGGGCGGTGA-1","NO_TLS"
"CCCTAGGCAACAAGAG-1","NO_TLS"
"CCCTATGTAGAGCAGA-1","NO_TLS"
"CCCTCATTCTGGAATT-1","NO_TLS"
"CCCTGAAATGAGTTGA-1","NO_TLS"
"CCCTGACTAACAAATT-1","NO_TLS"
"CCCTGATGTAACTCGT-1","NO_TLS"
"CCCTGCCCAATCCGCT-1","TLS"
"CCCTGCGCTACGCATA-1","NO_TLS"
"CCCTGGCTGTTCCTTC-1","NO_TLS"
"CCCTTTGACAGGTCTT-1","NO_TLS"
"CCGAAAGTGGTGAGCA-1","NO_TLS"
"CCGAACACTGGGCCTC-1","NO_TLS"
"CCGAACCTTCCCGGCC-1","TLS"
"CCGAAGTATATTGTTC-1","NO_TLS"
"CCGACAAACACATGAG-1","NO_TLS"
"CCGACAAAGGGAGTGC-1","NO_TLS"
"CCGACGGGCATGAGGT-1","NO_TLS"
"CCGATCTCAACCTTAT-1","NO_TLS"
"CCGATTCGAGGGACCC-1","NO_TLS"
"CCGCACAAAGACCAAC-1","NO_TLS"
"CCGCACGTGACCTCGG-1","NO_TLS"
"CCGCATGTGGTACGAT-1","NO_TLS"
"CCGCCGGAACTTCTCG-1","NO_TLS"
"CCGCCGGTCAACACAC-1","NO_TLS"
"CCGCCTGCGAATTGGT-1","NO_TLS"
"CCGCCTTGCGATGTCG-1","NO_TLS"
"CCGCGATTTGGTAGGT-1","NO_TLS"
"CCGCGGAATGCGTCAC-1","NO_TLS"
"CCGCGGGTACGAAGAA-1","NO_TLS"
"CCGCTATCAGCACCAG-1","TLS"
"CCGCTTACCTCACTCT-1","NO_TLS"
"CCGGAATGGTTTCAGT-1","NO_TLS"
"CCGGAGCGTACTTTCT-1","NO_TLS"
"CCGGCGCATATTGGAT-1","NO_TLS"
"CCGGCGTGAGACTCTG-1","NO_TLS"
"CCGGGACCCGCAGAGA-1","NO_TLS"
"CCGGGCGGTCTCGTCA-1","NO_TLS"
"CCGGGCTGCTCCATAC-1","NO_TLS"
"CCGGGTTCGAGGTTAC-1","NO_TLS"
"CCGGTTTGTAATTGTG-1","NO_TLS"
"CCGTAAGTTGGTCCCA-1","NO_TLS"
"CCGTACCCAAGCGCCA-1","NO_TLS"
"CCGTATCTCGTCGTAG-1","NO_TLS"
"CCGTGCCCATGACGGC-1","NO_TLS"
"CCGTGGAACGATCCAA-1","NO_TLS"
"CCGTGTTAAATTCCAT-1","NO_TLS"
"CCGTTACGTTAGAACA-1","NO_TLS"
"CCGTTCCGAATCTCGG-1","NO_TLS"
"CCTAAAGGCTGACGCT-1","NO_TLS"
"CCTAAATTAACGGTTC-1","NO_TLS"
"CCTAACCCAAACAAGT-1","NO_TLS"
"CCTAACTAAGGCTCTA-1","NO_TLS"
"CCTACATTCACAGACG-1","NO_TLS"
"CCTACGGCTCAGTCGA-1","NO_TLS"
"CCTACTGCTTACACTT-1","NO_TLS"
"CCTAGGCGTAGCGATC-1","NO_TLS"
"CCTAGGTAAAGGTAGC-1","NO_TLS"
"CCTAGTTAGTCGCATG-1","NO_TLS"
"CCTATAATGAGTGCCC-1","NO_TLS"
"CCTATACCGTCCTGTC-1","NO_TLS"
"CCTATATTTGTCCTGG-1","NO_TLS"
"CCTATCTATATCGGAA-1","NO_TLS"
"CCTATGGGTTACCGTC-1","NO_TLS"
"CCTCACCAATCTTGAC-1","NO_TLS"
"CCTCACCTGAGGGAGC-1","NO_TLS"
"CCTCACCTTAGCATCG-1","NO_TLS"
"CCTCATGCAGCTACGA-1","NO_TLS"
"CCTCCGACAATTCAAG-1","NO_TLS"
"CCTCCTGAGCCCACAT-1","NO_TLS"
"CCTCGAAGTGGACGGG-1","NO_TLS"
"CCTCGCCAGCAAATTA-1","NO_TLS"
"CCTCGCGCGATATAGG-1","NO_TLS"
"CCTCGCGCTGTGCGAT-1","NO_TLS"
"CCTCGGACCGGGATAG-1","TLS"
"CCTCGGATGCTACCTG-1","NO_TLS"
"CCTCTAATCTGCCAAG-1","NO_TLS"
"CCTCTATCGATTAGCA-1","NO_TLS"
"CCTCTCTCCCATCTAG-1","NO_TLS"
"CCTCTGGCCTAGACGG-1","NO_TLS"
"CCTCTGTACTATTCTA-1","NO_TLS"
"CCTGAACGATATATTC-1","NO_TLS"
"CCTGAATATTTACATA-1","NO_TLS"
"CCTGACCACCGATGGT-1","TLS"
"CCTGCCCGTTGTCTAG-1","NO_TLS"
"CCTGCGTTCTACGCTT-1","NO_TLS"
"CCTGCTATTTGAGAAG-1","NO_TLS"
"CCTGGCTAGACCCGCC-1","NO_TLS"
"CCTGGTCGAATGTGGG-1","NO_TLS"
"CCTGTAAGACATGATA-1","NO_TLS"
"CCTGTACTCACGCCCA-1","NO_TLS"
"CCTGTCACCCGGGCTC-1","NO_TLS"
"CCTGTCGCCCGTAAAT-1","NO_TLS"
"CCTGTGAAACCGTAAC-1","NO_TLS"
"CCTTCAGTTAAAGTGA-1","NO_TLS"
"CCTTCTCAGCGTTCCT-1","TLS"
"CCTTCTTGATCCAGTG-1","NO_TLS"
"CCTTTAAGGGAGCACT-1","NO_TLS"
"CGAAACGCAATTCATG-1","NO_TLS"
"CGAACCCGCATGCGTC-1","NO_TLS"
"CGAACGCCCAGTGCCG-1","NO_TLS"
"CGAACGGCCGGACAAC-1","NO_TLS"
"CGAAGACGGTGAGTGC-1","NO_TLS"
"CGAAGCTATAAATTCA-1","NO_TLS"
"CGAAGTTGCTCTGTGT-1","NO_TLS"
"CGAATGACGCATAATG-1","NO_TLS"
"CGACAATTTGATCTAA-1","NO_TLS"
"CGACACGCTCCGACAG-1","NO_TLS"
"CGACAGTTCGCGTTAT-1","NO_TLS"
"CGACCCTTAACGCCGG-1","NO_TLS"
"CGACCTACTAGACAAT-1","NO_TLS"
"CGACGCATCCGTACCT-1","NO_TLS"
"CGACTCAGGATGTTAT-1","NO_TLS"
"CGAGACCCTAGAGTGT-1","NO_TLS"
"CGAGAGATGTGAACCT-1","NO_TLS"
"CGAGCACTTCAAGTTT-1","NO_TLS"
"CGAGCGTTGATCAGCC-1","NO_TLS"
"CGAGCTGGGCTTTAGG-1","NO_TLS"
"CGAGGCCAGGCATTGG-1","NO_TLS"
"CGAGGCTAAATATGGC-1","NO_TLS"
"CGAGGGACTGCGGTCG-1","NO_TLS"
"CGAGGGTATCCAGGTG-1","NO_TLS"
"CGAGTACTAAAGAGGA-1","NO_TLS"
"CGAGTGAAGGTACCAG-1","NO_TLS"
"CGAGTGCTATAGTTCG-1","NO_TLS"
"CGAGTTCTGTCCCACC-1","NO_TLS"
"CGAGTTTATCGGACTG-1","NO_TLS"
"CGATACCTCGCGGACA-1","NO_TLS"
"CGATCCGACCCAGTGC-1","NO_TLS"
"CGATCTGTTGGAGGAC-1","NO_TLS"
"CGATGGACCCTACGCC-1","NO_TLS"
"CGATGTTGTTATCTAC-1","NO_TLS"
"CGATTAAATATCTCCT-1","NO_TLS"
"CGATTCGCCTGGCTGC-1","NO_TLS"
"CGCAAACACGAGTTAC-1","NO_TLS"
"CGCAATCGATCATTAG-1","NO_TLS"
"CGCAATTACTTTCGGT-1","NO_TLS"
"CGCAATTAGGGTAATA-1","NO_TLS"
"CGCAATTCTACAATAA-1","NO_TLS"
"CGCACATGTCCACTAC-1","NO_TLS"
"CGCACGTGCGCTATCA-1","NO_TLS"
"CGCATGGTGCGATGCT-1","NO_TLS"
"CGCATTAGCTAATAGG-1","NO_TLS"
"CGCCAAGAAGCCGAGT-1","TLS"
"CGCCACAGGTCGCGAT-1","NO_TLS"
"CGCCATCCGATTATGA-1","NO_TLS"
"CGCCCAGCACGCCTAG-1","NO_TLS"
"CGCCCGCTTCCGTACA-1","NO_TLS"
"CGCCCTTGAAGGCTGA-1","NO_TLS"
"CGCCGACTATTCGCTA-1","NO_TLS"
"CGCCGCCCATGCCTGT-1","NO_TLS"
"CGCCTCCCTCCTCTAT-1","TLS"
"CGCCTGGCCTACGTAA-1","NO_TLS"
"CGCGACACTGCGCAGC-1","NO_TLS"
"CGCGACCGCGACAGAT-1","NO_TLS"
"CGCGAGTCTGCCGGGT-1","NO_TLS"
"CGCGCAAATGTCCAGA-1","NO_TLS"
"CGCGCATGTTTGATTG-1","NO_TLS"
"CGCGCCCGACTTAATA-1","NO_TLS"
"CGCGGCTCAACTTGAA-1","NO_TLS"
"CGCGGGAATTAGGCAG-1","NO_TLS"
"CGCGGTCACAAACCAA-1","NO_TLS"
"CGCGTTCATGAAATAC-1","NO_TLS"
"CGCTACGGGACATTTA-1","NO_TLS"
"CGCTAGAGACCGCTGC-1","NO_TLS"
"CGCTATACCGCCCACT-1","NO_TLS"
"CGCTATTCAATGTATG-1","NO_TLS"
"CGCTATTCTTAGGCTC-1","NO_TLS"
"CGCTCGACATAATGAT-1","NO_TLS"
"CGCTCTCCGTAGATTA-1","NO_TLS"
"CGCTGTGACGCCGCAC-1","NO_TLS"
"CGCTGTGTGGATGTTG-1","NO_TLS"
"CGCTTAGTATTGATAC-1","NO_TLS"
"CGCTTATTCCCGGTCG-1","NO_TLS"
"CGCTTCCACTGAAATC-1","NO_TLS"
"CGCTTTCATACCGGTG-1","NO_TLS"
"CGCTTTCTTGCATTCG-1","NO_TLS"
"CGGAAAGAATCAAACG-1","NO_TLS"
"CGGAACGTAAACATAG-1","TLS"
"CGGACGTTACTTGAAG-1","NO_TLS"
"CGGAGCAATTTAATCG-1","NO_TLS"
"CGGAGCATGGCGATCC-1","NO_TLS"
"CGGAGTTTGAGAGACA-1","NO_TLS"
"CGGATAAGCGGACATG-1","NO_TLS"
"CGGATCCTCAAGGACT-1","NO_TLS"
"CGGCAAACATCGTGCG-1","NO_TLS"
"CGGCACCGTTAGCGCC-1","NO_TLS"
"CGGCACTCAAGAAAGT-1","NO_TLS"
"CGGCAGGGTCGGGTTG-1","NO_TLS"
"CGGCCACGCACAAAGT-1","NO_TLS"
"CGGCCAGAGCGACCAT-1","NO_TLS"
"CGGGAATTTATGTAAA-1","TLS"
"CGGGAGCTTCAGTGTA-1","NO_TLS"
"CGGGAGTATACCGCCG-1","NO_TLS"
"CGGGATCAATGTAAGA-1","NO_TLS"
"CGGGCAGCTAAACCGC-1","NO_TLS"
"CGGGCCATAGCCGCAC-1","NO_TLS"
"CGGGCCTTCTTTGTAA-1","NO_TLS"
"CGGGTGTACCCATTTA-1","NO_TLS"
"CGGTACTAGAATCAAA-1","TLS"
"CGGTAGAGGTGCAGGT-1","NO_TLS"
"CGGTCAAGTGGGAACC-1","NO_TLS"
"CGGTCCGTCGCAAGCC-1","NO_TLS"
"CGGTCTATCAACCCGT-1","NO_TLS"
"CGGTGAAGACTAAAGT-1","NO_TLS"
"CGGTGCAGATAGAACG-1","NO_TLS"
"CGGTGCGCGTTGGTCC-1","TLS"
"CGGTGTACTTGATCCC-1","NO_TLS"
"CGGTTATCCAACAGTG-1","NO_TLS"
"CGGTTCAAGTAGGTGT-1","NO_TLS"
"CGGTTGACCTGGCATA-1","NO_TLS"
"CGTACCTGATAGGCCT-1","NO_TLS"
"CGTAGCGAATTGTCAG-1","NO_TLS"
"CGTATTAAGAGATCTA-1","NO_TLS"
"CGTCAAGGCTATAAAT-1","NO_TLS"
"CGTCACGTCCATTGGT-1","NO_TLS"
"CGTCAGCTATTTACTC-1","NO_TLS"
"CGTCAGTGCGCACAAG-1","NO_TLS"
"CGTCATACCATATCCA-1","NO_TLS"
"CGTCGGGTCTAAGCGC-1","NO_TLS"
"CGTCGTCCTTCGCGAA-1","NO_TLS"
"CGTCTGGAAGGGCCCG-1","NO_TLS"
"CGTGAAGTTAATTCAC-1","NO_TLS"
"CGTGACATTGGGTCGT-1","NO_TLS"
"CGTGACCAGTCCTCTG-1","NO_TLS"
"CGTGCAGACTGGGACA-1","NO_TLS"
"CGTGCATTGTCGACGC-1","NO_TLS"
"CGTGCCCTCCCGAAGA-1","TLS"
"CGTGGTACCCAAAGGC-1","NO_TLS"
"CGTGTCCCATTCGCGA-1","NO_TLS"
"CGTGTCTCGTTACGAC-1","NO_TLS"
"CGTTAGCTCACAACTG-1","NO_TLS"
"CGTTATCATACTTCCA-1","NO_TLS"
"CGTTCAGACCCGCGAA-1","NO_TLS"
"CGTTCATGGTGCGCGT-1","NO_TLS"
"CGTTCTTCGCACACCT-1","NO_TLS"
"CGTTGAATACCGCGCT-1","NO_TLS"
"CGTTGAGCGACCGTCG-1","TLS"
"CGTTGCCCGCGTGGGA-1","NO_TLS"
"CGTTGTAAACGTCAGG-1","NO_TLS"
"CGTTGTAAGATTGATT-1","NO_TLS"
"CGTTGTCGGCAATTGA-1","NO_TLS"
"CGTTGTTTCAATTCCC-1","NO_TLS"
"CGTTTAAGCGGAGCAC-1","NO_TLS"
"CGTTTCACTTCGGGCG-1","NO_TLS"
"CGTTTCGCTCATTACA-1","NO_TLS"
"CGTTTGTGTAGAGGGT-1","NO_TLS"
"CTAAAGAATGCCTACT-1","NO_TLS"
"CTAAAGGGAAATAGGA-1","TLS"
"CTAAATCCTATTCCGG-1","NO_TLS"
"CTAACCGCGCGCCCGT-1","NO_TLS"
"CTAACGAAACTTGCTG-1","NO_TLS"
"CTAACTGGTCCGGTTC-1","NO_TLS"
"CTAAGGGAATGATTGG-1","TLS"
"CTAATTCGCACGCGCT-1","NO_TLS"
"CTAATTCTCAGATATT-1","NO_TLS"
"CTAATTTCAACAACAC-1","NO_TLS"
"CTACAAGAAATAACCC-1","NO_TLS"
"CTACCCTAAGGTCATA-1","NO_TLS"
"CTACGACTAGCTATAA-1","NO_TLS"
"CTACGCACGGAGTACC-1","NO_TLS"
"CTACTATCATAGGTTT-1","NO_TLS"
"CTACTATCTTTCAGAG-1","NO_TLS"
"CTACTCAAGGTATAGT-1","NO_TLS"
"CTACTCTAGGCCCGGC-1","NO_TLS"
"CTACTGCCACCTGACC-1","NO_TLS"
"CTAGATGTGAGTGTAA-1","NO_TLS"
"CTAGATTTACGACGGC-1","TLS"
"CTAGCATAGTATAATG-1","NO_TLS"
"CTAGCCGATGTTATGA-1","NO_TLS"
"CTAGGCGCCCTATCAG-1","NO_TLS"
"CTAGGTCTGAAGGAAT-1","NO_TLS"
"CTAGGTTCGGACGTGA-1","NO_TLS"
"CTAGTATTCGGAATTA-1","NO_TLS"
"CTAGTCACGTCTTAAG-1","NO_TLS"
"CTAGTGAAGGACAGGA-1","NO_TLS"
"CTAGTTACAACCCGGT-1","NO_TLS"
"CTAGTTGGGCCCGGTA-1","NO_TLS"
"CTATAAGAGCCAATCG-1","NO_TLS"
"CTATAGGCGTTGATGT-1","NO_TLS"
"CTATCGACGAAATACA-1","NO_TLS"
"CTATCGGGTCTCAACA-1","NO_TLS"
"CTATGCCCGAATGCAA-1","NO_TLS"
"CTATGTCACTAGCCCA-1","NO_TLS"
"CTATGTCTATTGAAAC-1","NO_TLS"
"CTATGTGAGTCACGGC-1","NO_TLS"
"CTATTCATGTGTCCCA-1","NO_TLS"
"CTATTTGGTTACGGAT-1","NO_TLS"
"CTCAAACCACTGCCCG-1","NO_TLS"
"CTCACATTTACTAAAT-1","NO_TLS"
"CTCACCAGTACAAGTG-1","NO_TLS"
"CTCACTGTGATACTTA-1","NO_TLS"
"CTCACTTGGCTGGTAA-1","NO_TLS"
"CTCAGATTGTGATAAG-1","NO_TLS"
"CTCAGGACTCACCTGT-1","NO_TLS"
"CTCATGGCTCACAATC-1","NO_TLS"
"CTCATGGTAATTTGCG-1","NO_TLS"
"CTCATTCGTGAACATC-1","NO_TLS"
"CTCATTGCTCTAACAA-1","NO_TLS"
"CTCATTTGATGGGCGG-1","NO_TLS"
"CTCCCTCCTTTCGATC-1","NO_TLS"
"CTCCGCCCACATGAGG-1","NO_TLS"
"CTCCGGCCTAATATGC-1","NO_TLS"
"CTCCGGCTTGTAGACA-1","NO_TLS"
"CTCCTAAGTTATGTCT-1","NO_TLS"
"CTCCTCCAGCTCACAC-1","NO_TLS"
"CTCCTTTACGCAAGTC-1","NO_TLS"
"CTCGAGACATACGATA-1","NO_TLS"
"CTCGAGGTCGAACAGT-1","NO_TLS"
"CTCGATATTTGCGAGC-1","NO_TLS"
"CTCGCACCTATATAGT-1","NO_TLS"
"CTCGCCGAATGTAGGG-1","NO_TLS"
"CTCGGTACCACTGCTC-1","TLS"
"CTCGGTCCGTAGCCTG-1","NO_TLS"
"CTCGGTTGTCGGCCCT-1","NO_TLS"
"CTCGTCGAGGGCTCAT-1","NO_TLS"
"CTCGTTTCTAATGTTT-1","NO_TLS"
"CTCTAATGCATTGATC-1","NO_TLS"
"CTCTACACTGGCGATT-1","TLS"
"CTCTATTTGGCTGCAG-1","TLS"
"CTCTCACAATCGATGA-1","NO_TLS"
"CTCTCGCTGTACTATG-1","NO_TLS"
"CTCTCTAACTGCCTAG-1","NO_TLS"
"CTCTGCGAAGCAAGCA-1","NO_TLS"
"CTCTGGACGCCTGGTG-1","NO_TLS"
"CTCTGTTTGAGGATTC-1","NO_TLS"
"CTCTTCTGGAAGTTAG-1","NO_TLS"
"CTCTTGTCCCGCTTGG-1","NO_TLS"
"CTGAAAGAGATCCGAC-1","NO_TLS"
"CTGAATCCGAGACCTC-1","NO_TLS"
"CTGAATTTATTGCCAG-1","NO_TLS"
"CTGACTGCGCAGCTCG-1","NO_TLS"
"CTGAGCAAGTAACAAG-1","NO_TLS"
"CTGATAGTGTATCTCA-1","NO_TLS"
"CTGCACAACTACATAT-1","NO_TLS"
"CTGCACCTGGAACCGC-1","NO_TLS"
"CTGCACTCCAGTACAG-1","NO_TLS"
"CTGCCAAGGTTGGAAG-1","NO_TLS"
"CTGCCATGCATCACAT-1","NO_TLS"
"CTGCCCACGAAGCGTT-1","NO_TLS"
"CTGCGGGTGAAATGTT-1","NO_TLS"
"CTGCGTTACGATATAA-1","NO_TLS"
"CTGCTGAGGCCACGAA-1","NO_TLS"
"CTGCTTGGCGATAGCT-1","NO_TLS"
"CTGGAAATGGATGCTT-1","NO_TLS"
"CTGGAAGACACGGTGG-1","NO_TLS"
"CTGGACGCAGTCCGGC-1","NO_TLS"
"CTGGATTTACACTTGA-1","NO_TLS"
"CTGGCATCCGAATGAG-1","NO_TLS"
"CTGGCGACATAAGTCC-1","NO_TLS"
"CTGGCGCACAGGTCTG-1","NO_TLS"
"CTGGCGGGAATAAGTA-1","NO_TLS"
"CTGGCTGATTCATCCT-1","NO_TLS"
"CTGGCTGGTTGTCAGT-1","NO_TLS"
"CTGGGATAAATAATGG-1","NO_TLS"
"CTGGGCCTGCTATATC-1","NO_TLS"
"CTGGGTAGGCAGTTAA-1","TLS"
"CTGGGTTGAGTTAAAG-1","NO_TLS"
"CTGGTAACACATAGAA-1","NO_TLS"
"CTGGTAACGAGCTCTT-1","NO_TLS"
"CTGGTCATTCCAATCC-1","NO_TLS"
"CTGGTTTCGAGCAAGA-1","NO_TLS"
"CTGTACTTCTTAGCAT-1","NO_TLS"
"CTGTAGCCATCTCACT-1","NO_TLS"
"CTGTATGGTGTAGAAA-1","NO_TLS"
"CTGTCAAATGGCTCGG-1","NO_TLS"
"CTGTGCAGGGTAGGTC-1","NO_TLS"
"CTGTGGTCGGGAGATA-1","NO_TLS"
"CTGTTACCCAATCTAG-1","TLS"
"CTGTTCACTGCCTGTG-1","NO_TLS"
"CTGTTCATCTCACGGG-1","NO_TLS"
"CTTAAATAAGACCCAT-1","NO_TLS"
"CTTAAGCAGCGAGCCG-1","NO_TLS"
"CTTACACGGTATTCCA-1","NO_TLS"
"CTTACACTGGGAAATA-1","NO_TLS"
"CTTAGCCCGGATAGTG-1","NO_TLS"
"CTTAGCCTTCCACATG-1","NO_TLS"
"CTTAGTAGGCCTACAG-1","NO_TLS"
"CTTATGCGCTCAGGGC-1","TLS"
"CTTATGTTGACTACCA-1","NO_TLS"
"CTTCAACTCCACTTGG-1","NO_TLS"
"CTTCAGTGGTCGCCTA-1","NO_TLS"
"CTTCATAGCTCAAGAA-1","NO_TLS"
"CTTCATTGTCAGTGGA-1","NO_TLS"
"CTTCCGCTCCGTGAAG-1","NO_TLS"
"CTTCGTAGATAGGTGA-1","NO_TLS"
"CTTCTATGTTGAAGTA-1","NO_TLS"
"CTTCTATTAATGCTAG-1","NO_TLS"
"CTTCTTACGTCGTATA-1","NO_TLS"
"CTTGACCCGAAAGATA-1","NO_TLS"
"CTTGAGGTTATCCCGA-1","NO_TLS"
"CTTGAGTTAGGGTAAT-1","NO_TLS"
"CTTGCAACCGCCTCCT-1","NO_TLS"
"CTTGCCCAGGCTCTAC-1","NO_TLS"
"CTTGGCCAAGCTGGGA-1","NO_TLS"
"CTTGTACTTGTTGACT-1","NO_TLS"
"CTTGTCAACATTCGAG-1","TLS"
"CTTGTGAGTCTTTGAC-1","NO_TLS"
"CTTGTGCTCACCGATT-1","NO_TLS"
"CTTGTTTATGTAGCCA-1","NO_TLS"
"CTTTAACTTTCAAAGG-1","NO_TLS"
"CTTTAATATTGGTCGA-1","NO_TLS"
"CTTTACCGAATAGTAG-1","NO_TLS"
"CTTTAGGAACACTGTT-1","NO_TLS"
"CTTTAGTGCTATTATT-1","TLS"
"CTTTCTGTGCGGGCTT-1","NO_TLS"
"CTTTGACGTCGCTTCT-1","NO_TLS"
"CTTTGGCGCTTTATAC-1","NO_TLS"
"CTTTGGCTTTAGTAAA-1","NO_TLS"
"CTTTGGGATTGTTGCA-1","NO_TLS"
"GAAACAGATGACCACC-1","NO_TLS"
"GAAACAGCCATGCAGT-1","NO_TLS"
"GAAACATAGGAAACAG-1","NO_TLS"
"GAAACCATGGTGCGCT-1","NO_TLS"
"GAAACCGAATTACCTT-1","NO_TLS"
"GAAACCTATACAAATG-1","NO_TLS"
"GAAACTCGTGCGATGC-1","NO_TLS"
"GAAACTCTAATGAAGG-1","NO_TLS"
"GAAAGAACAGCGTTAT-1","NO_TLS"
"GAAAGCAGTGCACTTT-1","NO_TLS"
"GAAAGCCCTTTGGACC-1","NO_TLS"
"GAAAGTGACTAACTGC-1","NO_TLS"
"GAAATACTAAACGTTT-1","NO_TLS"
"GAAATATCACCATCAG-1","NO_TLS"
"GAAATCGCGCGCAACT-1","NO_TLS"
"GAAATGGCGGTGTTAG-1","NO_TLS"
"GAAATTAGCACGGATA-1","NO_TLS"
"GAAATTCACATCGCTG-1","NO_TLS"
"GAAATTGTCTCTATAA-1","NO_TLS"
"GAACACACATCAACCA-1","NO_TLS"
"GAACAGATTACTAAAT-1","NO_TLS"
"GAACCCTCTGTGTTCT-1","NO_TLS"
"GAACCTCGACCTACAC-1","NO_TLS"
"GAACGACCGAATGATA-1","NO_TLS"
"GAACGTCTCATGGTCG-1","NO_TLS"
"GAACGTTAGGAAGACG-1","NO_TLS"
"GAAGAAACGATATTGT-1","NO_TLS"
"GAAGAACGGTGCAGGT-1","NO_TLS"
"GAAGCCGGGTAAGCTC-1","NO_TLS"
"GAAGCCTGCACATTCC-1","NO_TLS"
"GAAGCGTGAGGAATTT-1","NO_TLS"
"GAAGCTCGGACCCGTC-1","NO_TLS"
"GAAGCTTGCTGACCGC-1","NO_TLS"
"GAAGGAGTCGAGTGCG-1","NO_TLS"
"GAAGTCAGTTGCACTA-1","NO_TLS"
"GAAGTCTCCCTAGCGA-1","NO_TLS"
"GAAGTGATTTATCGTG-1","NO_TLS"
"GAAGTGCTGGATAGCT-1","NO_TLS"
"GAAGTTTCCACTCAAT-1","NO_TLS"
"GAATAGACGCGACCCA-1","NO_TLS"
"GAATAGCCCTGCGGTC-1","NO_TLS"
"GAATAGTGCTCGATTA-1","NO_TLS"
"GAATATTCGGAGTCCC-1","NO_TLS"
"GAATCGACATGGTCAC-1","NO_TLS"
"GAATCGCCGGACACGG-1","NO_TLS"
"GAATCTGAACATTCTC-1","NO_TLS"
"GAATGCCGAAATGACC-1","NO_TLS"
"GAATGCGAATCGGTTC-1","NO_TLS"
"GAATGGGCTTATCGAC-1","NO_TLS"
"GAATGTATGGCAGGTC-1","NO_TLS"
"GAATGTGGTCCGGATT-1","TLS"
"GAATGTTGGGTAATCT-1","NO_TLS"
"GAATTATAGTGAAAGG-1","NO_TLS"
"GAATTCACCCGGGTGT-1","NO_TLS"
"GAATTTCTCGCTGCAG-1","NO_TLS"
"GACAAACATATGCAGG-1","NO_TLS"
"GACAACGACCATTGAA-1","NO_TLS"
"GACAACGCAGCTTACG-1","NO_TLS"
"GACACAAGGGAAGAAA-1","NO_TLS"
"GACACGAGTTAGAGGA-1","NO_TLS"
"GACACTGAGTTCAGTG-1","NO_TLS"
"GACAGATTTCTGGCTC-1","NO_TLS"
"GACAGCCAGACCTGAC-1","TLS"
"GACAGGCACACACTAT-1","NO_TLS"
"GACATACTGTCGCAGA-1","NO_TLS"
"GACATCGATTTATAAC-1","NO_TLS"
"GACCAGAGCCCTGTAG-1","NO_TLS"
"GACCCAATTATGATAC-1","NO_TLS"
"GACCGACTGAAGCGTC-1","NO_TLS"
"GACCGTCAGGTCGTGA-1","NO_TLS"
"GACCGTGCTGACGGTG-1","NO_TLS"
"GACCGTTACATGCGAC-1","NO_TLS"
"GACGACGATCCGCGTT-1","NO_TLS"
"GACGCCGTAAAGGCTA-1","NO_TLS"
"GACGCCTGTTGCAGGG-1","NO_TLS"
"GACGCTTGCTTCTAAA-1","NO_TLS"
"GACGGGTTGGCCCGTA-1","NO_TLS"
"GACGGTCAATAGAAGC-1","NO_TLS"
"GACTAAGATCATGCAC-1","NO_TLS"
"GACTAAGTAGGCTCAC-1","NO_TLS"
"GACTACAAAGCGGTGG-1","NO_TLS"
"GACTCACCCACGTGAG-1","NO_TLS"
"GACTCCCAGAATAAGG-1","NO_TLS"
"GACTCCTTCCAATTGA-1","NO_TLS"
"GACTCGCGGGAATGAC-1","NO_TLS"
"GACTGCAAATCGAGCT-1","NO_TLS"
"GACTGCACCAGCCCAG-1","TLS"
"GACTGCGGCACGTGTA-1","NO_TLS"
"GAGAATCTCACGATCA-1","NO_TLS"
"GAGACTGATGGGTAGA-1","NO_TLS"
"GAGACTTCGCGACCGA-1","NO_TLS"
"GAGAGCGCAGTCCCTG-1","NO_TLS"
"GAGAGGGCGCGAGGTT-1","NO_TLS"
"GAGAGGTGCATTCTGG-1","NO_TLS"
"GAGATCTGCTTGGCAT-1","NO_TLS"
"GAGATCTGTCACTCCG-1","NO_TLS"
"GAGATCTTCCATGACA-1","TLS"
"GAGATGGGAGTCGACA-1","NO_TLS"
"GAGCACCTGTGTCCAG-1","NO_TLS"
"GAGCATCATCCCTGGG-1","NO_TLS"
"GAGCCACGGTAGTAGG-1","NO_TLS"
"GAGCCAGCTACCTGTG-1","NO_TLS"
"GAGCGAGGGAGTACCG-1","NO_TLS"
"GAGCGCGCACGAGTAG-1","NO_TLS"
"GAGCTAAGGGCATATC-1","NO_TLS"
"GAGCTCTCGGACCTAA-1","NO_TLS"
"GAGCTGTCGTCTCGGA-1","NO_TLS"
"GAGGAATGGAGAGGTT-1","NO_TLS"
"GAGGCCCGACTCCGCA-1","NO_TLS"
"GAGGGAGTCAGATCGC-1","NO_TLS"
"GAGGGCATCGCGTATC-1","NO_TLS"
"GAGGGCGCAGCTCTGC-1","NO_TLS"
"GAGGTCCCAAAGATCT-1","NO_TLS"
"GAGTAAGGCCACGGGA-1","NO_TLS"
"GAGTACGGGTATACAA-1","NO_TLS"
"GAGTAGATACTAGTTG-1","NO_TLS"
"GAGTATGCCCGCCTTG-1","TLS"
"GAGTATGCGCGTGCAT-1","NO_TLS"
"GAGTCAGACCAGAATC-1","NO_TLS"
"GAGTCCGCTTACCGGA-1","NO_TLS"
"GAGTCGACAGACCCTC-1","NO_TLS"
"GAGTCTTGTAAAGGAC-1","NO_TLS"
"GAGTGTGCGGTACCCA-1","NO_TLS"
"GAGTTGATGGCAATTT-1","NO_TLS"
"GATAAATCGGTGGATG-1","NO_TLS"
"GATAACTCGCACTGTG-1","NO_TLS"
"GATAAGGCAGATGCAA-1","NO_TLS"
"GATACGATGGGAGTCA-1","TLS"
"GATAGGTAACGTTGAC-1","TLS"
"GATATCTCATGCAATA-1","NO_TLS"
"GATATGCGGTAGCCAA-1","NO_TLS"
"GATATGGATTACGCGG-1","NO_TLS"
"GATATTGAGATTGGCG-1","NO_TLS"
"GATATTTCCTACATGG-1","NO_TLS"
"GATCATTCCAAACATT-1","NO_TLS"
"GATCCCTTTATACTGC-1","NO_TLS"
"GATCCGGGAATTAACA-1","NO_TLS"
"GATCCTAAATCGGGAC-1","NO_TLS"
"GATCCTCGACACTGGC-1","NO_TLS"
"GATCGACACTATCTGA-1","NO_TLS"
"GATCGCGGGCTCTCCA-1","NO_TLS"
"GATCGCTATATCTCAG-1","NO_TLS"
"GATCGGATAGAACCAT-1","TLS"
"GATCGGCGATAAGTCG-1","NO_TLS"
"GATCGGTGGCCATAAC-1","NO_TLS"
"GATCGTGACTGATATC-1","NO_TLS"
"GATCTAACCGTATTCA-1","NO_TLS"
"GATCTGCTATCTAAGG-1","NO_TLS"
"GATCTTCATTGTCCTC-1","NO_TLS"
"GATCTTGGAGGGCATA-1","TLS"
"GATCTTTGCAGGGTAT-1","NO_TLS"
"GATGACAAGTAGGGCA-1","NO_TLS"
"GATGCCAGCAGAAGGC-1","NO_TLS"
"GATGCCTTCTGCGGCA-1","NO_TLS"
"GATGCGAATGGTATTA-1","NO_TLS"
"GATGCGTCCTGCATTC-1","NO_TLS"
"GATGCTACAAGCGCCT-1","NO_TLS"
"GATGCTGTATTTCATC-1","TLS"
"GATGGCGCACACATTA-1","NO_TLS"
"GATGTAACGAACCACC-1","NO_TLS"
"GATGTTCAATCCACGA-1","NO_TLS"
"GATGTTTGTGCGAGAT-1","NO_TLS"
"GATTACTGAATTTGGG-1","NO_TLS"
"GATTCCCTTGTCGCAG-1","NO_TLS"
"GATTCCGCGTTTCCGT-1","NO_TLS"
"GATTCCTATACGGCGC-1","NO_TLS"
"GATTCGACGGTTCACG-1","NO_TLS"
"GCAAACCCTACATTAT-1","NO_TLS"
"GCAAACCTTGGCCATA-1","NO_TLS"
"GCAAATATTACGCTTT-1","NO_TLS"
"GCAAATGAGGACACTT-1","NO_TLS"
"GCAACACACTAGAACT-1","NO_TLS"
"GCAACCACCAGACCGG-1","NO_TLS"
"GCAACCACGGCCGCGT-1","NO_TLS"
"GCAACCCAAGTTGTTT-1","NO_TLS"
"GCAAGAATTCCTTGGC-1","NO_TLS"
"GCAAGTGCACAGAGAA-1","NO_TLS"
"GCACACGCCCATGGTC-1","NO_TLS"
"GCACGCCTACTTAGAT-1","NO_TLS"
"GCACTAGTCGCGCTAT-1","NO_TLS"
"GCAGACCCAGCACGTA-1","NO_TLS"
"GCAGATCCATAAGACT-1","NO_TLS"
"GCAGATCCTCGCAAAT-1","NO_TLS"
"GCAGATTAGGGATATC-1","NO_TLS"
"GCAGCACACAGCCCAG-1","NO_TLS"
"GCAGGAACTTAGATCT-1","NO_TLS"
"GCAGGACTATAGAATA-1","NO_TLS"
"GCAGGTAGAGTATGGT-1","NO_TLS"
"GCAGTGTGGCTATAGG-1","NO_TLS"
"GCATACGAGGTCTTTA-1","NO_TLS"
"GCATAGAGCACTCAGG-1","NO_TLS"
"GCATCCCTAACTTTGA-1","NO_TLS"
"GCATGAGGGACGCGGC-1","NO_TLS"
"GCATGGGTACTGACGC-1","NO_TLS"
"GCATTCAAGGCAACGC-1","NO_TLS"
"GCATTCGAAATGAACA-1","NO_TLS"
"GCATTGACTTGCGGAA-1","NO_TLS"
"GCATTGTAATTCATAT-1","NO_TLS"
"GCCAACCATTTCCGGA-1","NO_TLS"
"GCCAAGAATACTTCTG-1","NO_TLS"
"GCCAATAGGGCATCTC-1","NO_TLS"
"GCCACAATTTAAGGAC-1","NO_TLS"
"GCCAGGAGTAACCGAT-1","NO_TLS"
"GCCATATTGCACACAG-1","NO_TLS"
"GCCATCGAGCTGCGTG-1","NO_TLS"
"GCCATTAGCCTCAAAC-1","NO_TLS"
"GCCCACCAAGGCTGTC-1","NO_TLS"
"GCCCAGTTGGTATGCC-1","NO_TLS"
"GCCCGACTTCTTCCCG-1","NO_TLS"
"GCCCGATCTGTGGTCG-1","NO_TLS"
"GCCCGCGCGTAAACGG-1","TLS"
"GCCCGCGCGTTTGACA-1","NO_TLS"
"GCCCGTAATACCTTCT-1","NO_TLS"
"GCCCTAGCCGTCGCGA-1","NO_TLS"
"GCCGAAATTCCTACGT-1","NO_TLS"
"GCCGATTGGCCAAGCT-1","NO_TLS"
"GCCGCATTAGTCCGGC-1","NO_TLS"
"GCCGCTTGTGAGAAAC-1","NO_TLS"
"GCCGGGTTAGGGTCGC-1","NO_TLS"
"GCCTAGCGATCTGACC-1","NO_TLS"
"GCCTATAGTGTCAGGG-1","NO_TLS"
"GCCTATTCCGATATAG-1","NO_TLS"
"GCCTATTTGCTACACA-1","NO_TLS"
"GCCTCATCTGGAAATA-1","NO_TLS"
"GCCTCTATACATAGCA-1","NO_TLS"
"GCCTTCAGCCCTACCG-1","NO_TLS"
"GCCTTGTATATGCAGT-1","NO_TLS"
"GCGAAACTTAACTGGA-1","TLS"
"GCGAAGCCATACCCGT-1","NO_TLS"
"GCGACATGTAAACATC-1","NO_TLS"
"GCGACCCAACCATCTG-1","NO_TLS"
"GCGACGATAGTTGTAC-1","NO_TLS"
"GCGAGAAACGGGAGTT-1","NO_TLS"
"GCGAGAGTTGCGTCCA-1","NO_TLS"
"GCGAGGCCCGAGCAGA-1","NO_TLS"
"GCGAGTTCTGCAAAGA-1","NO_TLS"
"GCGATTGTTAACGTTA-1","NO_TLS"
"GCGCAAATATATTCAA-1","NO_TLS"
"GCGCAAGAGCGCGCTG-1","NO_TLS"
"GCGCATCCAGTCAGCA-1","NO_TLS"
"GCGCCGTTCCACGATA-1","NO_TLS"
"GCGCGTCATTGGTACA-1","NO_TLS"
"GCGCTAATTGAATAGA-1","NO_TLS"
"GCGCTATGCCGAGGCA-1","NO_TLS"
"GCGCTGATCCAGACTC-1","NO_TLS"
"GCGCTGCTTTGCATTT-1","NO_TLS"
"GCGGACCGCGTTGTGG-1","NO_TLS"
"GCGGAGAAACTTCGCA-1","NO_TLS"
"GCGGAGAGGGAGAACG-1","TLS"
"GCGGCAAAGTATTGCC-1","NO_TLS"
"GCGGCTCTGACGTACC-1","NO_TLS"
"GCGGGAACCAGGCCCT-1","NO_TLS"
"GCGGGCGAGCCTTACC-1","NO_TLS"
"GCGGTCCCTAGACGCA-1","NO_TLS"
"GCGGTGAACTGCGCTC-1","NO_TLS"
"GCGGTTCCCTATCATG-1","NO_TLS"
"GCGTAAATGGCCATAA-1","NO_TLS"
"GCGTCCCTAAGACATA-1","NO_TLS"
"GCGTCGAAATGTCGGT-1","NO_TLS"
"GCGTCGCCAGGGTGAT-1","NO_TLS"
"GCGTCTCTGCATTGGG-1","NO_TLS"
"GCGTGGTACTGGGTTA-1","NO_TLS"
"GCGTTATATTTGGAAC-1","NO_TLS"
"GCGTTCGGAGACCGGG-1","NO_TLS"
"GCTAAACCTGAGGTGA-1","NO_TLS"
"GCTAAGTAAAGGCGAT-1","NO_TLS"
"GCTAAGTAGTTTCTCT-1","NO_TLS"
"GCTAATACCGAATGCC-1","NO_TLS"
"GCTACAGTACGGACCG-1","TLS"
"GCTACGACTTATTGGG-1","TLS"
"GCTACTATAGTAGAGT-1","NO_TLS"
"GCTAGACCGTCTACTG-1","NO_TLS"
"GCTAGCTTGAATAGCT-1","NO_TLS"
"GCTAGGCACCACGGAG-1","NO_TLS"
"GCTAGTAGAGCTTGTA-1","NO_TLS"
"GCTAGTTTCATTGAGG-1","NO_TLS"
"GCTATACGTCTCGGAC-1","NO_TLS"
"GCTATCATACTCATGG-1","NO_TLS"
"GCTATCGCGGCGCAAC-1","NO_TLS"
"GCTATGCCAGCTTATG-1","NO_TLS"
"GCTCAACCTCTTAGAG-1","NO_TLS"
"GCTCAATCCGTTTATT-1","NO_TLS"
"GCTCAATGTAATACCG-1","NO_TLS"
"GCTCATTACTGCATGT-1","NO_TLS"
"GCTCCTGACATACTGG-1","NO_TLS"
"GCTCGCGGTTCCGCTC-1","NO_TLS"
"GCTCGCTCATGTCCAA-1","NO_TLS"
"GCTCGGAATTTAAAGC-1","NO_TLS"
"GCTCTAAACCCTGACG-1","NO_TLS"
"GCTCTATGTTACGTGC-1","NO_TLS"
"GCTCTCGGGTACCGAA-1","NO_TLS"
"GCTCTTTCCGCTAGTG-1","NO_TLS"
"GCTGAATCTTCCAATC-1","NO_TLS"
"GCTGAGCAACGGTTCT-1","NO_TLS"
"GCTGAGGCGTGAGTAT-1","NO_TLS"
"GCTGCACGGTTTCTTA-1","NO_TLS"
"GCTGCTAAGTAGTCGA-1","NO_TLS"
"GCTGCTACTGCGTAGC-1","NO_TLS"
"GCTGCTCTCCGGACAC-1","NO_TLS"
"GCTGGCAGGTGCCGTG-1","NO_TLS"
"GCTGGCATATTCACCT-1","NO_TLS"
"GCTGGCGGCGCATGCT-1","NO_TLS"
"GCTGTATTACTGGCCC-1","NO_TLS"
"GCTGTTGCTACCGAAC-1","NO_TLS"
"GCTTAATGTAACTAAC-1","TLS"
"GCTTATGAAGCAGGAA-1","NO_TLS"
"GCTTCCGTCCCTAGAC-1","NO_TLS"
"GCTTGATGATAATCAG-1","NO_TLS"
"GCTTGGATCGATTAGG-1","NO_TLS"
"GCTTTCAGAGGAGGTG-1","NO_TLS"
"GGAAACCTTGTTGAAT-1","NO_TLS"
"GGAAAGTGCCCATGCC-1","NO_TLS"
"GGAACCCGAACAAGAA-1","NO_TLS"
"GGAACCGTGTAAATTG-1","NO_TLS"
"GGAACCTTGACTCTGC-1","NO_TLS"
"GGAACGGCCTGCAGCC-1","NO_TLS"
"GGAAGCTCGCTTACAG-1","NO_TLS"
"GGAATGCGCTAGCGTG-1","NO_TLS"
"GGACAAGTTGCAGTGA-1","NO_TLS"
"GGACCAACAGGATAAC-1","TLS"
"GGACCTACGGTAACGT-1","NO_TLS"
"GGACCTCTAGGCCGCC-1","NO_TLS"
"GGACTAAGTCAGGAGT-1","NO_TLS"
"GGAGAAGTCATTGGCA-1","NO_TLS"
"GGAGACCATCTACATA-1","NO_TLS"
"GGAGACGACACCTTTG-1","NO_TLS"
"GGAGCACCAAGAACTA-1","NO_TLS"
"GGAGGGCTTGGTTGGC-1","NO_TLS"
"GGAGTGCCGCCCTGGA-1","NO_TLS"
"GGATACTCATGAATTG-1","NO_TLS"
"GGATCAGAGCCATCAG-1","NO_TLS"
"GGATCATCCCGTACGC-1","NO_TLS"
"GGATCCGGAATATACT-1","NO_TLS"
"GGATCTTGACTCAACC-1","NO_TLS"
"GGATGAAGATCGCTGA-1","NO_TLS"
"GGATGACGCGAGTTTA-1","NO_TLS"
"GGATGCTGGCGTTCCT-1","TLS"
"GGATGTCCTTACCGCA-1","NO_TLS"
"GGATTCAGTACGGTGG-1","NO_TLS"
"GGATTCCGCTATACCC-1","NO_TLS"
"GGATTTCACTTCTATA-1","NO_TLS"
"GGCAAAGGCGCCAATA-1","NO_TLS"
"GGCAAATTACTTTACT-1","NO_TLS"
"GGCAAGCCCATAGTGG-1","NO_TLS"
"GGCAAGGCGAAATAGC-1","TLS"
"GGCAATAGTCAATGAG-1","NO_TLS"
"GGCACTCCACTGGGCA-1","NO_TLS"
"GGCATACAGGTAGCGG-1","NO_TLS"
"GGCATATCGGTTCTGC-1","NO_TLS"
"GGCCCTCACCCACTTA-1","NO_TLS"
"GGCCGTTTGGGTTTCA-1","NO_TLS"
"GGCCTTTGCAACTGGC-1","NO_TLS"
"GGCGAAATCTAACTTG-1","NO_TLS"
"GGCGAGCGAAACGGCA-1","NO_TLS"
"GGCGCAGGACATCTTC-1","NO_TLS"
"GGCGCATGAATTGATG-1","NO_TLS"
"GGCGCGTTCGAGTTTA-1","TLS"
"GGCGCTCCTCATCAAT-1","NO_TLS"
"GGCGGAGTAATATTAG-1","NO_TLS"
"GGCGGTAGGATCATTG-1","NO_TLS"
"GGCGGTTTGCCGGTGC-1","NO_TLS"
"GGCGTCCTATCCGCTG-1","NO_TLS"
"GGCTAAAGGGCGGGTC-1","NO_TLS"
"GGCTACTATACACTCC-1","NO_TLS"
"GGCTATTAAGTTGTAT-1","NO_TLS"
"GGCTCCTCCACCTGTT-1","NO_TLS"
"GGCTCGCGTTGAGGTA-1","NO_TLS"
"GGCTCGTGCCACCAGC-1","NO_TLS"
"GGCTCTGCTCCAACGC-1","NO_TLS"
"GGCTGAAATAGCAAAG-1","NO_TLS"
"GGCTGGCTAGCTTAAA-1","NO_TLS"
"GGCTTGGCTCTCACCT-1","NO_TLS"
"GGCTTTCAATAAGGGT-1","NO_TLS"
"GGGAACGGGAGGTTAG-1","NO_TLS"
"GGGAATGAGCCCTCAC-1","NO_TLS"
"GGGAATTCTGTCCAGT-1","NO_TLS"
"GGGACAGAGTTACTCC-1","NO_TLS"
"GGGACCCGTATATCTT-1","NO_TLS"
"GGGACTGCATAGATAG-1","NO_TLS"
"GGGAGAACTCACAGTA-1","NO_TLS"
"GGGAGGATGCCCGAAA-1","NO_TLS"
"GGGAGTAATGGCTGGC-1","NO_TLS"
"GGGAGTTAATGAGGCG-1","NO_TLS"
"GGGATACGGTAATAAT-1","NO_TLS"
"GGGATGGTCGTAACCG-1","TLS"
"GGGATTTACCGCACCT-1","NO_TLS"
"GGGCAACCGCACGTGC-1","NO_TLS"
"GGGCACGAATTGGCCG-1","NO_TLS"
"GGGCAGACGTCACTGC-1","NO_TLS"
"GGGCAGAGCAATCGTT-1","NO_TLS"
"GGGCCCGTCTTAAACA-1","NO_TLS"
"GGGCCCTACGAAAGGG-1","TLS"
"GGGCCCTTATCTATAC-1","NO_TLS"
"GGGCCGGCCGAAGTAC-1","NO_TLS"
"GGGCCTAAATGGGCTA-1","NO_TLS"
"GGGCGATATGTGTGAA-1","NO_TLS"
"GGGCGGCAAATGAATT-1","TLS"
"GGGCGGGTTCCCTACG-1","NO_TLS"
"GGGCGGTCCTATTGTC-1","NO_TLS"
"GGGCGTACATTTATAT-1","NO_TLS"
"GGGCGTCACCACGTAA-1","NO_TLS"
"GGGCGTCCACTGGCTC-1","NO_TLS"
"GGGCTACTATTTCGTG-1","NO_TLS"
"GGGCTATGATCGATGG-1","NO_TLS"
"GGGCTCATCGAACCCA-1","NO_TLS"
"GGGCTGCCTAGGGCGA-1","NO_TLS"
"GGGCTGGTTAGTCGCG-1","NO_TLS"
"GGGTACCCACGGTCCT-1","NO_TLS"
"GGGTACTTCATGAACT-1","NO_TLS"
"GGGTATGTATGCACTT-1","NO_TLS"
"GGGTATTCTAGCAAAC-1","NO_TLS"
"GGGTCACCGTGACGGT-1","NO_TLS"
"GGGTCAGGAGCTAGAT-1","NO_TLS"
"GGGTCATGCGTACCAT-1","NO_TLS"
"GGGTCGTGGCAAGTGT-1","NO_TLS"
"GGGTGACACCTTAACT-1","NO_TLS"
"GGGTGTTTCAGCTATG-1","NO_TLS"
"GGGTTAACATTTGAGT-1","NO_TLS"
"GGGTTCAGACGAACAA-1","NO_TLS"
"GGTAACCGGGAGGATA-1","NO_TLS"
"GGTAACTATGTATCTG-1","NO_TLS"
"GGTACAAACATGCTAT-1","NO_TLS"
"GGTACATCTGGGACGA-1","TLS"
"GGTACCATTAAGACGG-1","NO_TLS"
"GGTAGAAGACCGCCTG-1","NO_TLS"
"GGTAGACCGTTGGGCG-1","NO_TLS"
"GGTAGTGCTCGCACCA-1","NO_TLS"
"GGTATGAAAGAACTGA-1","NO_TLS"
"GGTATTGCCGAGTTTA-1","NO_TLS"
"GGTCAGTGGGTCCCAC-1","TLS"
"GGTCGGATAAACGGCG-1","NO_TLS"
"GGTCGGCCAGGAGCTT-1","NO_TLS"
"GGTCGGTAATTAGACA-1","NO_TLS"
"GGTCGGTCGTCCACAG-1","NO_TLS"
"GGTCGTAAGCTCGCAC-1","NO_TLS"
"GGTCTCTGAATGGACT-1","NO_TLS"
"GGTCTGAGAATCTGGA-1","NO_TLS"
"GGTCTTGAGCGCTCTT-1","NO_TLS"
"GGTGAAGTACAGGGAT-1","NO_TLS"
"GGTGAGATGCAGATAA-1","NO_TLS"
"GGTGATGAAGGAAGTG-1","NO_TLS"
"GGTGCGGATAAGTGGC-1","NO_TLS"
"GGTGCTGATCACAAAG-1","NO_TLS"
"GGTGCTGGTACACATT-1","NO_TLS"
"GGTGGACTGCTCTGGC-1","NO_TLS"
"GGTTACCACCCTCGGG-1","NO_TLS"
"GGTTAGCTATATGTCT-1","NO_TLS"
"GGTTAGGCTTGGAGAA-1","NO_TLS"
"GGTTAGTTACGGCGCC-1","NO_TLS"
"GGTTCGGATTATACTA-1","NO_TLS"
"GGTTCTACTCGTCTGA-1","NO_TLS"
"GGTTGTGCTCTTGTCC-1","NO_TLS"
"GGTTTAATTACCATCG-1","NO_TLS"
"GGTTTACAATCTCAAT-1","NO_TLS"
"GGTTTCAATCGGTCAG-1","NO_TLS"
"GGTTTGAGTGCTGGAA-1","NO_TLS"
"GTAACTGCCCAAGGAG-1","NO_TLS"
"GTAACTTGCGGCAGTC-1","NO_TLS"
"GTAAGCGGGCAGTCAG-1","NO_TLS"
"GTAAGTAACAGTCTGG-1","NO_TLS"
"GTAAGTAGGGTATACC-1","NO_TLS"
"GTAATAAAGGGCTCCC-1","NO_TLS"
"GTAATCTGATTCTTCG-1","TLS"
"GTACACTTACCTGAAG-1","NO_TLS"
"GTACAGAGGCAAGGGT-1","NO_TLS"
"GTACGACGGCGCTGCG-1","NO_TLS"
"GTACGAGATTGCGACA-1","NO_TLS"
"GTACGCTTCATTGCAC-1","TLS"
"GTACGTTTGCCCGTCA-1","TLS"
"GTACTAAGATTTGGAG-1","NO_TLS"
"GTACTCCCTTATCGCT-1","NO_TLS"
"GTACTCCTGGGTATGC-1","NO_TLS"
"GTACTGAGGTCGTAAC-1","NO_TLS"
"GTACTGCATGAAGCGT-1","NO_TLS"
"GTACTGGAGTTAGACC-1","NO_TLS"
"GTACTTGGGCACTTCT-1","NO_TLS"
"GTAGAAACGGGTGGAG-1","NO_TLS"
"GTAGACACGCCTGACT-1","NO_TLS"
"GTAGACGTCGTTACAT-1","NO_TLS"
"GTAGAGGGAGACAAGT-1","NO_TLS"
"GTAGCCAAACATGGGA-1","TLS"
"GTAGCGGCTATACACT-1","NO_TLS"
"GTAGCTTCCTCTTGTT-1","NO_TLS"
"GTAGGTGATCCGTGTA-1","NO_TLS"
"GTAGTCGCGGGAATCA-1","NO_TLS"
"GTAGTTCGAAGGCGAA-1","NO_TLS"
"GTATAATCTCCCGGAT-1","NO_TLS"
"GTATAGGACTCAGTAG-1","NO_TLS"
"GTATCAGCTTGGGTTC-1","NO_TLS"
"GTATCTCAGTCTTGAC-1","NO_TLS"
"GTATCTTTCATAACCA-1","TLS"
"GTATGAAATTTCACTC-1","NO_TLS"
"GTATGTGGGTCTAGTT-1","NO_TLS"
"GTATTAAGGCGTCTAA-1","NO_TLS"
"GTATTCTGAGAAACGA-1","TLS"
"GTCAAAGAAGTGGTGT-1","NO_TLS"
"GTCAAAGTTTACATAG-1","NO_TLS"
"GTCAAGCGGACTCGGG-1","NO_TLS"
"GTCACTCTCCAAATCT-1","NO_TLS"
"GTCAGAATAGTCTATG-1","NO_TLS"
"GTCAGTTTGGTAGTCG-1","NO_TLS"
"GTCATGCACCTCCGTT-1","NO_TLS"
"GTCATGGACATGACTA-1","NO_TLS"
"GTCATTAGAGCGAACG-1","NO_TLS"
"GTCATTGCATTGACCC-1","NO_TLS"
"GTCCAATATTTAGCCT-1","NO_TLS"
"GTCCCAACGTAAAGTA-1","NO_TLS"
"GTCCCAATCATCCCGC-1","NO_TLS"
"GTCCCGCGACGTTATG-1","NO_TLS"
"GTCCGAGAGCAATCAT-1","NO_TLS"
"GTCCGGACCTGAAATT-1","NO_TLS"
"GTCCGGCTGAATTGCG-1","NO_TLS"
"GTCCTACAGGCGGCTC-1","NO_TLS"
"GTCCTACGAATAGTCT-1","NO_TLS"
"GTCCTACTCTACGGGC-1","NO_TLS"
"GTCCTATTGTTGTGGT-1","NO_TLS"
"GTCCTTCTACAACCCA-1","NO_TLS"
"GTCGCCGTTGTGTGTT-1","NO_TLS"
"GTCGCGTAACCCGTTG-1","NO_TLS"
"GTCGGATATCTCAGAC-1","NO_TLS"
"GTCGGATGTAGCGCGC-1","NO_TLS"
"GTCGGGAACATGGTAG-1","NO_TLS"
"GTCGGGAAGCAGAAAC-1","NO_TLS"
"GTCGTACCATCTCGGG-1","TLS"
"GTCGTACCTACGATTG-1","NO_TLS"
"GTCGTATTGGCGTACA-1","NO_TLS"
"GTCGTCAATTATAAGG-1","NO_TLS"
"GTCGTGTCTGGTCATC-1","NO_TLS"
"GTCGTTATTCGCTTAT-1","TLS"
"GTCTACTCAATTACAA-1","NO_TLS"
"GTCTATCTGAGTTTCT-1","NO_TLS"
"GTCTATTGGTTCCGGT-1","NO_TLS"
"GTCTCAAGGCCCGGCT-1","NO_TLS"
"GTCTCCTGCCAGTATG-1","NO_TLS"
"GTCTCGACTAAGTTTG-1","NO_TLS"
"GTCTCGATCTGCTTTC-1","NO_TLS"
"GTCTGGGCGGTCGAGA-1","TLS"
"GTCTTCCTCACCTAAG-1","NO_TLS"
"GTGAAACGGCGCCACC-1","NO_TLS"
"GTGAAACGTGCTCCAC-1","NO_TLS"
"GTGAACTCCCATTCGA-1","NO_TLS"
"GTGAAGATTTCAAGTG-1","NO_TLS"
"GTGAAGCCGTATAGTC-1","NO_TLS"
"GTGAAGTCACGACTCG-1","NO_TLS"
"GTGACCGCACACTACG-1","NO_TLS"
"GTGACTTCAGTAGTGC-1","NO_TLS"
"GTGAGGACACTTAAGG-1","NO_TLS"
"GTGAGGAGCGGTTGAG-1","NO_TLS"
"GTGAGTCTAAGACGGA-1","NO_TLS"
"GTGAGTGGTACAACGC-1","NO_TLS"
"GTGATCACTAACGCCT-1","NO_TLS"
"GTGATCATAGATCTGC-1","NO_TLS"
"GTGATTCGCCGCTCAA-1","TLS"
"GTGCAACAAATGTGGC-1","NO_TLS"
"GTGCACCAGCTTCAAC-1","NO_TLS"
"GTGCACGAAAGTGACT-1","NO_TLS"
"GTGCCATCACACGGTG-1","NO_TLS"
"GTGCCCGTTCGGATTC-1","NO_TLS"
"GTGCCGCTTCAAAGGT-1","NO_TLS"
"GTGCCTCAGTGTACGG-1","NO_TLS"
"GTGCGAAATCGAACAC-1","TLS"
"GTGCGACAGGGAGTGT-1","NO_TLS"
"GTGCGGGTCTCCAAAT-1","NO_TLS"
"GTGCGTGTATATGAGC-1","TLS"
"GTGCTCAAGTACTGTC-1","NO_TLS"
"GTGCTGCAGATAAGGA-1","NO_TLS"
"GTGGAACCTACATGCG-1","NO_TLS"
"GTGGACCAACCCGATT-1","NO_TLS"
"GTGGACGCATTTGTCC-1","NO_TLS"
"GTGGACGTGCTGAGAC-1","NO_TLS"
"GTGGAGCGTTTACCGA-1","NO_TLS"
"GTGGAGTCGGCGGTTG-1","NO_TLS"
"GTGGCAAACAGCGGCA-1","NO_TLS"
"GTGGCCTAATATCATT-1","NO_TLS"
"GTGGCGGTCCCAGCGT-1","TLS"
"GTGGGAAGACTGAATC-1","TLS"
"GTGGGCTTAGACACAC-1","NO_TLS"
"GTGGGTACTGAGCGTA-1","NO_TLS"
"GTGGTATAGTCTGCCG-1","NO_TLS"
"GTGGTGGCCAAGTGAA-1","TLS"
"GTGGTTACTTCTTTCG-1","NO_TLS"
"GTGGTTTCCGCCTTTC-1","NO_TLS"
"GTGTACCTTGGCTACG-1","NO_TLS"
"GTGTATATCAGCGGGC-1","NO_TLS"
"GTGTCGTATAGCGTTC-1","NO_TLS"
"GTGTGAATAACTTAGG-1","NO_TLS"
"GTGTTACTATGCGTCC-1","NO_TLS"
"GTTAAAGTAGGACTGG-1","NO_TLS"
"GTTAACATCACTTAAA-1","NO_TLS"
"GTTAAGGGTGCGATGT-1","NO_TLS"
"GTTAATGTCTATCTTA-1","NO_TLS"
"GTTACAATTGGTGACG-1","NO_TLS"
"GTTACCTACAACTTGC-1","TLS"
"GTTACTTTGGGCCTAG-1","NO_TLS"
"GTTAGCCGTAAATCAA-1","NO_TLS"
"GTTAGGCTACCCGTTT-1","NO_TLS"
"GTTATATTATCTCCCT-1","NO_TLS"
"GTTATTAACGTGGGAG-1","NO_TLS"
"GTTCACAGGAGTCTAG-1","NO_TLS"
"GTTCATCGTTTGGCTG-1","NO_TLS"
"GTTCCAGTCTGACCAT-1","NO_TLS"
"GTTCGCCATAAGTGCC-1","NO_TLS"
"GTTCGGGCGTACCATT-1","NO_TLS"
"GTTCGTCTAAAGAACT-1","NO_TLS"
"GTTCTTCCCTCGATGT-1","NO_TLS"
"GTTGAACCGGTTCCAT-1","NO_TLS"
"GTTGAGTCCCGCCGGT-1","NO_TLS"
"GTTGCACGGAGTTTCG-1","NO_TLS"
"GTTGGATTCAGTGGCT-1","NO_TLS"
"GTTGGATTGAGAACAC-1","NO_TLS"
"GTTGGATTTGCGTTGG-1","NO_TLS"
"GTTGGTCATGCTATCC-1","NO_TLS"
"GTTGTCGTGTTAGTTG-1","NO_TLS"
"GTTTACGTTCCATCTG-1","TLS"
"GTTTATGGGATTTAGA-1","NO_TLS"
"GTTTCATATCGTCGCT-1","NO_TLS"
"GTTTCCTGGAGGGTGA-1","NO_TLS"
"GTTTCTGCAGTCTCCC-1","NO_TLS"
"GTTTGACCAAATCCTA-1","NO_TLS"
"GTTTGGCCCAAGTTAT-1","TLS"
"GTTTGGCCGCTCAGCG-1","NO_TLS"
"GTTTGGGCTTGTGAGC-1","TLS"
"GTTTGGTAGGGTCAAC-1","NO_TLS"
"TAAACCCAGGAGGGCA-1","NO_TLS"
"TAAACGTCGTCAATGA-1","NO_TLS"
"TAAAGAGCCCGAAACC-1","NO_TLS"
"TAAAGCGGTATTTCCA-1","NO_TLS"
"TAAAGCGTTAGGAGAA-1","NO_TLS"
"TAAAGCTGCAATAGGG-1","NO_TLS"
"TAAATGAATCCGTTTC-1","NO_TLS"
"TAACAAAGGGAGAAGC-1","NO_TLS"
"TAACAATATTTGTTGC-1","NO_TLS"
"TAACATACAATGTGGG-1","NO_TLS"
"TAACATACACGCGATC-1","NO_TLS"
"TAACCGCCCGCAGTGC-1","NO_TLS"
"TAACGCTTTGAGAGCG-1","NO_TLS"
"TAACTATCGAAGGTCC-1","NO_TLS"
"TAACTATTACGCCAAA-1","NO_TLS"
"TAACTCATCCGCGCGG-1","NO_TLS"
"TAACTCCATGGAGGCT-1","NO_TLS"
"TAAGCAGGCGACACGC-1","NO_TLS"
"TAAGGAACTTGTGGGA-1","NO_TLS"
"TAAGGCAACATAAGAT-1","NO_TLS"
"TAAGGCATAACATCAA-1","NO_TLS"
"TAAGGCCCGTCACCCT-1","NO_TLS"
"TAAGGCTGAATCCCTC-1","NO_TLS"
"TAAGGGCTGGGAGAGG-1","NO_TLS"
"TAAGTAACATCTTGAC-1","TLS"
"TAAGTCGCCGAGTATC-1","NO_TLS"
"TAATAAACAAGGAGAT-1","NO_TLS"
"TAATACACAGTAGTAT-1","NO_TLS"
"TAATAGAACAGAGTTA-1","TLS"
"TAATAGGTCACCAGAA-1","NO_TLS"
"TAATAGTGACGACCAG-1","NO_TLS"
"TAATATTGAAATTCGC-1","NO_TLS"
"TAATCGATCCGTACGT-1","NO_TLS"
"TAATGAAAGACCCTTG-1","NO_TLS"
"TAATTAGATGGATATG-1","NO_TLS"
"TAATTGGAATCGGGAA-1","NO_TLS"
"TAATTTCCGTCCAGTA-1","NO_TLS"
"TACAACGCACAACTCA-1","NO_TLS"
"TACAAGTCTCGTGCAT-1","NO_TLS"
"TACATAGGCATACACC-1","NO_TLS"
"TACATCCCTATCCCTG-1","TLS"
"TACATGACCTTATCCG-1","NO_TLS"
"TACATTTCTAACGTGC-1","NO_TLS"
"TACCAAATAGCCCAGA-1","NO_TLS"
"TACCAATAAAGTACCA-1","NO_TLS"
"TACCAGAAGTAGGTTC-1","NO_TLS"
"TACCGCGGACTTGCAG-1","NO_TLS"
"TACCGGCTCACTGCCC-1","TLS"
"TACCGGTCGTTTCCAT-1","NO_TLS"
"TACCGTAGGTTAACTA-1","NO_TLS"
"TACCGTGCCTCGGACC-1","TLS"
"TACCTACTCCCAGTAT-1","NO_TLS"
"TACCTATCCCTAGAGG-1","NO_TLS"
"TACCTCACGCTTGTAC-1","NO_TLS"
"TACCTCAGTTGTCTGT-1","NO_TLS"
"TACCTGCTGCACTGTG-1","NO_TLS"
"TACCTTAAGATTTCCC-1","NO_TLS"
"TACGAACACGACTTCA-1","NO_TLS"
"TACGACGCTTGCTGCG-1","NO_TLS"
"TACGACTGCCTCTTAG-1","TLS"
"TACGAGAACTTCACGT-1","NO_TLS"
"TACGATGTTGATCATC-1","NO_TLS"
"TACGCAGTTCTTTCCT-1","NO_TLS"
"TACGCCATATTCTAAT-1","NO_TLS"
"TACGCCGAGGGTACCC-1","NO_TLS"
"TACGCCTCCATTCCGA-1","NO_TLS"
"TACGCTATAGAAACCT-1","NO_TLS"
"TACGGGATGCTAGCAG-1","NO_TLS"
"TACGTACTAGTGCTGA-1","NO_TLS"
"TACGTGCACTATGCTG-1","NO_TLS"
"TACGTTTACCGGCAAT-1","NO_TLS"
"TACTATGGTTCCTCAG-1","NO_TLS"
"TACTCGGCACGCCGGG-1","NO_TLS"
"TACTCTCCGAACAAAT-1","NO_TLS"
"TACTCTTTCGTCTTCA-1","NO_TLS"
"TACTGAACAGATTTAG-1","NO_TLS"
"TACTGCAATCAATTAC-1","NO_TLS"
"TACTGGACAGCTCGGC-1","NO_TLS"
"TACTTGTTAGTAGTCC-1","NO_TLS"
"TACTTTACTGAGCCGG-1","NO_TLS"
"TACTTTCCGCACGCCA-1","NO_TLS"
"TAGAAAGGTGGCGCTA-1","NO_TLS"
"TAGAAATTCACGTATA-1","NO_TLS"
"TAGACGAAACGCCAAT-1","NO_TLS"
"TAGACGCCCGTACCGG-1","NO_TLS"
"TAGACTACCTAGCGTT-1","NO_TLS"
"TAGAGATCATGCAACT-1","NO_TLS"
"TAGAGCTACGAAGAAC-1","NO_TLS"
"TAGAGTCTAAGCGAAC-1","NO_TLS"
"TAGATATGGACTGGAA-1","NO_TLS"
"TAGATTCCTGGTTATT-1","NO_TLS"
"TAGCAACCTGTCACAA-1","NO_TLS"
"TAGCCATTTCAAAGTC-1","NO_TLS"
"TAGCCGGCGGTCAGCG-1","NO_TLS"
"TAGCGTCCGGTGTGGT-1","NO_TLS"
"TAGCGTCGAATATTGA-1","NO_TLS"
"TAGCGTTGGGTCTTAC-1","NO_TLS"
"TAGCTAAGTCCGGGAG-1","NO_TLS"
"TAGCTAGAAGGCATGA-1","NO_TLS"
"TAGCTAGTGATGATGG-1","NO_TLS"
"TAGCTCGCCTGATAAC-1","NO_TLS"
"TAGCTGATGTGAAGCG-1","TLS"
"TAGGCATGTTACGCCA-1","NO_TLS"
"TAGGCGATGAGGTCTC-1","NO_TLS"
"TAGGGAGCTTGGGATG-1","NO_TLS"
"TAGGGTGTTTCAAGAG-1","NO_TLS"
"TAGGTCCAAGTAAGGA-1","NO_TLS"
"TAGGTCGCCGGAACTG-1","NO_TLS"
"TAGGTGACGATAACCT-1","NO_TLS"
"TAGGTGAGCCCTACTC-1","NO_TLS"
"TAGGTGCTCGCCTAGC-1","NO_TLS"
"TAGGTGTTCCACAGAT-1","NO_TLS"
"TAGGTTCGAGTTCGTC-1","NO_TLS"
"TAGTACCTTAGTGGTC-1","NO_TLS"
"TAGTAGCTTATACCAG-1","NO_TLS"
"TAGTCCCGGAGACCAC-1","NO_TLS"
"TAGTCCGCAGAGAATG-1","NO_TLS"
"TAGTCCGTATGCATAA-1","NO_TLS"
"TAGTCGATCACGGGTT-1","NO_TLS"
"TAGTCTAACAACGAGA-1","NO_TLS"
"TAGTCTGTGACGTTGC-1","NO_TLS"
"TAGTGCCCTCCAGAGT-1","NO_TLS"
"TAGTGTCAGAAACGGC-1","NO_TLS"
"TAGTTAAGATAGGATA-1","NO_TLS"
"TAGTTTATTCTTGCTT-1","NO_TLS"
"TATAAATCCACAAGCT-1","NO_TLS"
"TATAAGTGAGGATAGC-1","NO_TLS"
"TATACACAGACGCCTT-1","TLS"
"TATACACGCAAAGTAT-1","NO_TLS"
"TATACGCGTCATCACT-1","NO_TLS"
"TATACTCATGCGGCAA-1","NO_TLS"
"TATAGAGTCGCTTGAA-1","NO_TLS"
"TATAGATGGTCGCAGT-1","NO_TLS"
"TATAGCGCACGTTATC-1","NO_TLS"
"TATAGGGTACTCATGA-1","NO_TLS"
"TATATATCGAGAAATG-1","NO_TLS"
"TATATCATTGATCAGT-1","NO_TLS"
"TATATCCCTGGGAGGA-1","NO_TLS"
"TATATGCTGGGTTGCC-1","NO_TLS"
"TATATTACAAATGTCG-1","NO_TLS"
"TATCAAAGGTCTGTAA-1","NO_TLS"
"TATCACCCAACCGACC-1","NO_TLS"
"TATCACTTCGAGTAAC-1","NO_TLS"
"TATCAGTGGCGTAGTC-1","NO_TLS"
"TATCCAATTGGTTATC-1","NO_TLS"
"TATCCATATCATGCGA-1","NO_TLS"
"TATCCGCACCGTCGGG-1","NO_TLS"
"TATCCTGCATGGGAAT-1","NO_TLS"
"TATCGATCTATGCATA-1","NO_TLS"
"TATCGATGATTAAACG-1","NO_TLS"
"TATCTACAGAGGTAAT-1","NO_TLS"
"TATCTACCACAGCGGG-1","NO_TLS"
"TATCTAGCCTAAAGGA-1","NO_TLS"
"TATCTTGCAATACAAC-1","NO_TLS"
"TATGAAGACAGGTGCG-1","NO_TLS"
"TATGACCTTGCGCTGG-1","NO_TLS"
"TATGCTCCCTACTTAC-1","NO_TLS"
"TATGGATGTGCTACGC-1","NO_TLS"
"TATGGCCCGGCCTCGC-1","NO_TLS"
"TATGGGACCGAGCAGG-1","NO_TLS"
"TATGGGTACGTATCGT-1","NO_TLS"
"TATGGTCTGAGTAACA-1","NO_TLS"
"TATGGTTAGTGGGAGA-1","NO_TLS"
"TATGTAAAGTGCTTAA-1","NO_TLS"
"TATGTCAAGACCGACT-1","NO_TLS"
"TATGTCTCATTGTGCC-1","NO_TLS"
"TATTAACACCAAAGCA-1","NO_TLS"
"TATTAACCTGACCGCG-1","NO_TLS"
"TATTACCATCCTGCTT-1","NO_TLS"
"TATTATGTTTGCCTGC-1","NO_TLS"
"TATTCAATTCTAATCC-1","NO_TLS"
"TATTCCACTCAGCTCG-1","NO_TLS"
"TATTCCGAGCTGTTAT-1","NO_TLS"
"TATTCCTCCGCCCACT-1","NO_TLS"
"TATTCGTGCCAGAATA-1","NO_TLS"
"TATTTAGTCTAGATCG-1","NO_TLS"
"TATTTATACCGAGTAG-1","NO_TLS"
"TATTTGTTACCCTTTA-1","NO_TLS"
"TCAAACAACCGCGTCG-1","NO_TLS"
"TCAAACTTAGATTGTT-1","NO_TLS"
"TCAAAGAGCTATCTGT-1","NO_TLS"
"TCAAATTTGAGACTCA-1","NO_TLS"
"TCAACAAAGATAATTC-1","NO_TLS"
"TCAACACATTGGGTAA-1","NO_TLS"
"TCAACATAGCGCCCTA-1","NO_TLS"
"TCAACATCGACCGAGA-1","TLS"
"TCAACCATGTTCGGGC-1","NO_TLS"
"TCAACGAGGAGACAAA-1","NO_TLS"
"TCAACGCAGGAAATAA-1","NO_TLS"
"TCAACGCGACCGGCAG-1","NO_TLS"
"TCAACTAACGTATAAC-1","NO_TLS"
"TCAAGAAATACTAGCT-1","NO_TLS"
"TCAATACAATTGCTGC-1","NO_TLS"
"TCAATACGCCGTCATG-1","NO_TLS"
"TCACAGCAAACTCGAA-1","NO_TLS"
"TCACAGGAGAATAAGA-1","NO_TLS"
"TCACAGGGAATCGCAA-1","NO_TLS"
"TCACAGGTTATTGGGC-1","NO_TLS"
"TCACATCTTATCTGAT-1","NO_TLS"
"TCACCCTCTTAAGATT-1","NO_TLS"
"TCACCGCTCGGCACTC-1","NO_TLS"
"TCACGATGTCCGTGGA-1","NO_TLS"
"TCACGCATTGTAGATC-1","NO_TLS"
"TCACGGTCATCGCACA-1","NO_TLS"
"TCACGTGCCCGATTCA-1","NO_TLS"
"TCACTACGACCAATGC-1","NO_TLS"
"TCACTCGTGCAACGGC-1","NO_TLS"
"TCACTCTTCGTCTGTC-1","NO_TLS"
"TCAGAACCTCCACAGG-1","NO_TLS"
"TCAGACGCTATAGAAG-1","TLS"
"TCAGCAAATGCATCTC-1","NO_TLS"
"TCAGCAGTAGGCCCTG-1","NO_TLS"
"TCAGGGCGACTTCCTT-1","NO_TLS"
"TCAGGGCGCAAACTCG-1","NO_TLS"
"TCAGGGTGTAACGTAA-1","NO_TLS"
"TCAGGTTCTTTGAGAA-1","NO_TLS"
"TCAGTACTGACCCGCG-1","NO_TLS"
"TCAGTAGGGACTATAA-1","TLS"
"TCAGTGTATACGTCAT-1","NO_TLS"
"TCATACTTACAGATCC-1","NO_TLS"
"TCATATGAGCTTTGTT-1","NO_TLS"
"TCATCACTCGAGCTCG-1","NO_TLS"
"TCATCCCAGAGGGTGG-1","NO_TLS"
"TCATCGATGGTCCCAA-1","NO_TLS"
"TCATGCAGGTTCTCAT-1","NO_TLS"
"TCATTTAAGTCTCCGA-1","NO_TLS"
"TCCAACTTTAAATTCT-1","NO_TLS"
"TCCAATAAAGGCTACC-1","NO_TLS"
"TCCACAATGGTTTACG-1","NO_TLS"
"TCCACCTCTAGCCTTT-1","NO_TLS"
"TCCACTTTATCTAGGT-1","NO_TLS"
"TCCAGAGCACCGGTTC-1","NO_TLS"
"TCCAGGCGAGTACGGT-1","NO_TLS"
"TCCAGGGTATATACGA-1","NO_TLS"
"TCCCAAACAGACAACG-1","NO_TLS"
"TCCCAAAGACGAAGGA-1","NO_TLS"
"TCCCACTCTCTTCCGG-1","NO_TLS"
"TCCCAGCTTTAGTCTG-1","NO_TLS"
"TCCCAGGCTTAGCTAA-1","NO_TLS"
"TCCCGCGTACTCCTGG-1","NO_TLS"
"TCCCGGGTGTGCTGCT-1","NO_TLS"
"TCCCGTCAGTCCCGCA-1","NO_TLS"
"TCCCGTGTGCAATTTG-1","TLS"
"TCCCTGGCGTATTAAC-1","NO_TLS"
"TCCCTGGCTCGCTGGA-1","NO_TLS"
"TCCCTTAGATTACTCG-1","NO_TLS"
"TCCGAACTTGGCTTAC-1","NO_TLS"
"TCCGATAATTGCCATA-1","NO_TLS"
"TCCGATGACTGAGCTC-1","NO_TLS"
"TCCGATGGTGCGACAT-1","NO_TLS"
"TCCGATTACATTGCCG-1","NO_TLS"
"TCCGCCTGTCTACAAG-1","NO_TLS"
"TCCGCGGCAGCATCTG-1","NO_TLS"
"TCCGCTGTCATCCCGG-1","NO_TLS"
"TCCGCTTATCCCATTA-1","TLS"
"TCCGGCCTAGCGTACA-1","NO_TLS"
"TCCGGTTCGTCCGGTC-1","NO_TLS"
"TCCGTAACCACAATCC-1","NO_TLS"
"TCCGTTTAGCCTTGAA-1","NO_TLS"
"TCCTAAATTGGGAAGC-1","NO_TLS"
"TCCTAACCGTCGGGCA-1","NO_TLS"
"TCCTACATCCACGGCC-1","NO_TLS"
"TCCTAGCAAAGAAGCT-1","NO_TLS"
"TCCTCCTAAGACATTC-1","NO_TLS"
"TCCTCGGGCTGGGCTT-1","NO_TLS"
"TCCTCTACGAGATGGC-1","NO_TLS"
"TCCTCTCCAGTTGTCC-1","NO_TLS"
"TCCTGCCAACTGGAGA-1","NO_TLS"
"TCCTGCGTTGATACTC-1","NO_TLS"
"TCCTTACGACGGTCCG-1","NO_TLS"
"TCCTTCAATCCCTACG-1","NO_TLS"
"TCCTTTCTTACGCTTA-1","NO_TLS"
"TCGAAATTTAGGACCA-1","NO_TLS"
"TCGAAGAACCGAGCAC-1","NO_TLS"
"TCGAATATCCCGCAGG-1","NO_TLS"
"TCGACAACTGAACCCG-1","NO_TLS"
"TCGAGACCAACACCGT-1","NO_TLS"
"TCGAGCCAGGCAGGCC-1","NO_TLS"
"TCGATAGGCTAGTCGC-1","NO_TLS"
"TCGCAAAGATGCATTT-1","TLS"
"TCGCACCAGGAGGCAG-1","NO_TLS"
"TCGCATCCCTAAGTGT-1","NO_TLS"
"TCGCCCACTGCGAGAG-1","NO_TLS"
"TCGCCGAAGTTGCGTC-1","NO_TLS"
"TCGCCGCACCGCGTGA-1","NO_TLS"
"TCGCCGGATGGGCAAG-1","NO_TLS"
"TCGCCGGTCGATCCGT-1","NO_TLS"
"TCGCGTCCAGAAGGTC-1","NO_TLS"
"TCGCTAAACCGCTATC-1","NO_TLS"
"TCGCTCGATATATTCC-1","NO_TLS"
"TCGCTCGGCACCAGCG-1","NO_TLS"
"TCGCTGGGCGGATTGT-1","NO_TLS"
"TCGCTGTGCGTAAATC-1","NO_TLS"
"TCGCTTTAAACGTTTG-1","NO_TLS"
"TCGGAATGCGCTCTGA-1","NO_TLS"
"TCGGACGCCCAGCCCA-1","NO_TLS"
"TCGGAGTACATGAGTA-1","NO_TLS"
"TCGGCGTACTGCACAA-1","NO_TLS"
"TCGGGAACGTGCCTAG-1","NO_TLS"
"TCGGGAGACAGCGTAC-1","NO_TLS"
"TCGGGATTCAAACATA-1","TLS"
"TCGGGCCGTCGTGGTA-1","NO_TLS"
"TCGGGTGAAACTGCTA-1","NO_TLS"
"TCGGTCCCGACAATAG-1","NO_TLS"
"TCGTAAGACGACATTG-1","NO_TLS"
"TCGTATAGTGCAATTA-1","NO_TLS"
"TCGTATTACCCATTGC-1","NO_TLS"
"TCGTCAAGTACGCGCA-1","NO_TLS"
"TCGTCACACTGTTAGC-1","NO_TLS"
"TCGTCCGCTGGCGTCT-1","NO_TLS"
"TCGTCTTAGGCGTTAA-1","NO_TLS"
"TCGTTAGGAGTCCCTA-1","NO_TLS"
"TCGTTGACAGGGTCCC-1","NO_TLS"
"TCGTTGCTATCCGGTC-1","NO_TLS"
"TCTAAAGAACAGTCTC-1","NO_TLS"
"TCTAACTGTATGTAAA-1","NO_TLS"
"TCTAATACTGCCTCAG-1","NO_TLS"
"TCTACCGTCCACAAGC-1","NO_TLS"
"TCTAGCAATCTCCGCC-1","NO_TLS"
"TCTAGCATCTTCGATG-1","NO_TLS"
"TCTAGCATGCCCAGAA-1","TLS"
"TCTAGGTGGCGACGCT-1","NO_TLS"
"TCTAGTGATATCGTGG-1","NO_TLS"
"TCTAGTTATCAGAAGA-1","NO_TLS"
"TCTATCATGCAGTTAC-1","NO_TLS"
"TCTATCGGTCGCAACA-1","NO_TLS"
"TCTATTACGCTGGCGA-1","NO_TLS"
"TCTATTACTAGAGGAT-1","TLS"
"TCTCATGAGATAGGGT-1","NO_TLS"
"TCTCCAACGTAGGTTA-1","NO_TLS"
"TCTCCCTGGGCAGCGT-1","NO_TLS"
"TCTCGAACGAGGTCAC-1","NO_TLS"
"TCTCGGCTCCAGGACT-1","NO_TLS"
"TCTCGTGTTACGAGGA-1","NO_TLS"
"TCTCTAATAGCTGGTA-1","NO_TLS"
"TCTCTTACCGCGAACC-1","NO_TLS"
"TCTGAACCGGTCGGCT-1","NO_TLS"
"TCTGAACTCGTACCCG-1","NO_TLS"
"TCTGAAGCACGTGGTC-1","NO_TLS"
"TCTGAATTCCGTACAA-1","NO_TLS"
"TCTGATGTATTCTGTC-1","NO_TLS"
"TCTGCAGATTCGAGTC-1","NO_TLS"
"TCTGCCAGAAACTGCA-1","NO_TLS"
"TCTGCGTCCGGTTTCT-1","NO_TLS"
"TCTGGCGCAAGCCGGG-1","NO_TLS"
"TCTGGGAACCTTTGAA-1","NO_TLS"
"TCTGGGTAGCGCTCAT-1","NO_TLS"
"TCTGTCATACAAGAGC-1","NO_TLS"
"TCTGTGCCATCATAGT-1","NO_TLS"
"TCTGTTACCCAGCATA-1","NO_TLS"
"TCTTACAGAGGTACCG-1","NO_TLS"
"TCTTACCGGAACTCGT-1","NO_TLS"
"TCTTACGGCATCCGAC-1","NO_TLS"
"TCTTACTTATGCCTCT-1","NO_TLS"
"TCTTAGAGTGAACTCT-1","NO_TLS"
"TCTTCCCATGGGCACA-1","NO_TLS"
"TCTTCGAATAGACGTT-1","NO_TLS"
"TCTTCGATACCAATAA-1","NO_TLS"
"TCTTGATGCGTAGCGA-1","NO_TLS"
"TCTTGCTCCCGATACT-1","NO_TLS"
"TCTTGGTAACACCAAA-1","NO_TLS"
"TCTTTAAGACTATGAA-1","NO_TLS"
"TGAAAGGACCTGACTC-1","NO_TLS"
"TGAACTGCTATGACTT-1","NO_TLS"
"TGAAGAGCGGTCCTAG-1","NO_TLS"
"TGAATGAGTGTTTCCC-1","NO_TLS"
"TGAATTTCACTTGCCT-1","NO_TLS"
"TGACAGGACAAGTCCA-1","NO_TLS"
"TGACATATATGACGAT-1","NO_TLS"
"TGACATCGAGCGGACC-1","NO_TLS"
"TGACCAAATCTTAAAC-1","NO_TLS"
"TGACCCACGTTAGACA-1","NO_TLS"
"TGACGAATATTTCCCT-1","NO_TLS"
"TGACGATGCACTAGAA-1","NO_TLS"
"TGACTATAATCCTTTC-1","TLS"
"TGAGAATGCTTTACCG-1","NO_TLS"
"TGAGACGTACCTCTCA-1","NO_TLS"
"TGAGAGATTTACCACG-1","NO_TLS"
"TGAGATTAGGCCCTAA-1","NO_TLS"
"TGAGCCATACAGTCTC-1","NO_TLS"
"TGAGCGGAAAGTGTTC-1","NO_TLS"
"TGAGCTTTAATGACGC-1","NO_TLS"
"TGAGGAGTGCCAGCTT-1","NO_TLS"
"TGAGGCATGTACTGTG-1","NO_TLS"
"TGAGTAAATTAGCGTA-1","NO_TLS"
"TGAGTGCCTCTTAAAT-1","TLS"
"TGAGTGGTCCGTGACG-1","NO_TLS"
"TGATACATTTAGCCGT-1","NO_TLS"
"TGATAGCGGGATTCTA-1","NO_TLS"
"TGATCAGGGAACTGCT-1","NO_TLS"
"TGATCCCAGCATTAGT-1","NO_TLS"
"TGATCGGTTTGACCCT-1","NO_TLS"
"TGATCTCCGGCGCCAG-1","NO_TLS"
"TGATTCAGGTCCCGCG-1","NO_TLS"
"TGATTCCCGGTTACCT-1","NO_TLS"
"TGATTCGTCTATCACT-1","NO_TLS"
"TGATTCTGTCGCCGGT-1","TLS"
"TGATTTATTAGCTGTG-1","NO_TLS"
"TGATTTCCTCCTGACG-1","NO_TLS"
"TGCAAGAATGACGTAA-1","NO_TLS"
"TGCACTATGTGAGTGC-1","NO_TLS"
"TGCAGAACTATATCGT-1","NO_TLS"
"TGCAGAGTACCGAGCA-1","NO_TLS"
"TGCAGATCGTCCTAGG-1","TLS"
"TGCAGCTACGTACTTC-1","TLS"
"TGCAGGATCGGCAAAG-1","NO_TLS"
"TGCAGTTTCCTCCCAT-1","NO_TLS"
"TGCATATGTCTGTCAC-1","NO_TLS"
"TGCATGGATCGGATCT-1","NO_TLS"
"TGCATGTGGTAATCTA-1","NO_TLS"
"TGCCAAAGTCAGACTT-1","NO_TLS"
"TGCCAATGGGTACTCT-1","NO_TLS"
"TGCCACACTAGAGGAA-1","NO_TLS"
"TGCCACCTGGCGAAAC-1","NO_TLS"
"TGCCAGTACGTGGAGA-1","NO_TLS"
"TGCCATTACTAAAGAA-1","NO_TLS"
"TGCCCGTACCGTTAAA-1","TLS"
"TGCCGTGGATCGTCCT-1","NO_TLS"
"TGCCTGACATCGGTCA-1","NO_TLS"
"TGCCTGATCAAACGAT-1","NO_TLS"
"TGCCTTGGCCAGGCAA-1","NO_TLS"
"TGCGAATATGGGATTT-1","TLS"
"TGCGACACCCTAGTGC-1","TLS"
"TGCGACGGCCGAACGT-1","NO_TLS"
"TGCGAGAATATTACCC-1","TLS"
"TGCGATGCTAATGGCT-1","NO_TLS"
"TGCGCAAAGCATTTGG-1","NO_TLS"
"TGCGCGATTAACGGAG-1","NO_TLS"
"TGCGGAGTAAAGGTGC-1","NO_TLS"
"TGCGGCATAGTTCAAC-1","NO_TLS"
"TGCGTAAGAACCTGAT-1","NO_TLS"
"TGCGTCATGACTGAGC-1","NO_TLS"
"TGCGTTTGTTGACACT-1","TLS"
"TGCTAAGTGTCTATTT-1","NO_TLS"
"TGCTCCACAGTTCTTA-1","NO_TLS"
"TGCTCGGCGAAACCCA-1","NO_TLS"
"TGCTCTTGAGAGTTTG-1","NO_TLS"
"TGCTGGTTGGACAATT-1","NO_TLS"
"TGCTGTTGAAGAACTC-1","NO_TLS"
"TGCTTCCCAAGCAGTA-1","NO_TLS"
"TGGAACCACTGACACA-1","NO_TLS"
"TGGAAGAAGGGAACGT-1","NO_TLS"
"TGGAAGACGAACACCA-1","NO_TLS"
"TGGAAGGATAAAGATG-1","NO_TLS"
"TGGAATATCCTTGACC-1","NO_TLS"
"TGGAATTAGACGCTTT-1","NO_TLS"
"TGGACACCGTTGCTTG-1","NO_TLS"
"TGGACGCAATCCAGCC-1","NO_TLS"
"TGGACTGTTCGCTCAA-1","NO_TLS"
"TGGAGTGATGCGATGA-1","NO_TLS"
"TGGCAAACTAAATTAC-1","NO_TLS"
"TGGCAACTCGCGCGCC-1","NO_TLS"
"TGGCAAGCACAAGTCG-1","NO_TLS"
"TGGCAGATTACGATCA-1","NO_TLS"
"TGGCAGCAGTAATAGT-1","NO_TLS"
"TGGCATGAAGTTTGGG-1","NO_TLS"
"TGGCCAAACTGAAGTA-1","NO_TLS"
"TGGCCAATTTGGTACT-1","NO_TLS"
"TGGCCGTATATTGACC-1","NO_TLS"
"TGGCGACTGCTCCAAA-1","NO_TLS"
"TGGCGATCAAGTTATG-1","NO_TLS"
"TGGCTATGTGACATAC-1","NO_TLS"
"TGGCTCTTGTCGCGTA-1","TLS"
"TGGCTTTGGGTAGACA-1","NO_TLS"
"TGGGAAATGCCTTTCC-1","NO_TLS"
"TGGGCACAAACAGAAC-1","NO_TLS"
"TGGGCACGTTCTATGG-1","NO_TLS"
"TGGGCCACAAGAGCGC-1","NO_TLS"
"TGGGCCCATACTAATT-1","NO_TLS"
"TGGGTAAGGTTCCCGC-1","NO_TLS"
"TGGTAAGCAGGATTGA-1","TLS"
"TGGTCCCACGCTACGG-1","NO_TLS"
"TGGTCGTGCAAGGCAA-1","NO_TLS"
"TGGTCTAGCTTACATG-1","NO_TLS"
"TGGTCTGTTGGGCGTA-1","NO_TLS"
"TGGTGATCGTATTTGT-1","NO_TLS"
"TGGTTATGCTTGCGGT-1","NO_TLS"
"TGGTTCAACGGGTAAT-1","NO_TLS"
"TGGTTCGTAGCAAAGG-1","NO_TLS"
"TGGTTGGAGGATCCTG-1","NO_TLS"
"TGTAATGACCACAATA-1","NO_TLS"
"TGTACGAACAAATCCG-1","NO_TLS"
"TGTAGGAGAAATTTCC-1","NO_TLS"
"TGTAGTGATCTATAAT-1","NO_TLS"
"TGTATAACAGATCCTG-1","NO_TLS"
"TGTATCCTTATTCCAT-1","NO_TLS"
"TGTATGGCGCAGACAG-1","NO_TLS"
"TGTCATTTGTTGGGAA-1","NO_TLS"
"TGTCCCGACATAGCAC-1","NO_TLS"
"TGTCCGTGGCGCCTTT-1","NO_TLS"
"TGTCCTAAGTCACCGC-1","NO_TLS"
"TGTCTACAGTTTCTGT-1","NO_TLS"
"TGTGACTACGCCAGTC-1","NO_TLS"
"TGTGAGACTAGCCCAA-1","NO_TLS"
"TGTGCTTTACGTAAGA-1","NO_TLS"
"TGTGGCAAAGCGTATG-1","NO_TLS"
"TGTGGCGGGCTTCTGG-1","NO_TLS"
"TGTGGTTGCTAAAGCT-1","NO_TLS"
"TGTGTCGAAGTCGAGG-1","NO_TLS"
"TGTGTCGCGAGTTGCA-1","NO_TLS"
"TGTGTGACCATGAATC-1","NO_TLS"
"TGTGTTCGTATCCAAG-1","NO_TLS"
"TGTTATTGTATGTGGC-1","NO_TLS"
"TGTTCATAAATGTGCT-1","NO_TLS"
"TGTTCCGCTTCCATGA-1","NO_TLS"
"TGTTCGTATTGCGGTG-1","TLS"
"TGTTCTTCCATTGACT-1","NO_TLS"
"TGTTGTCAAGAAGTCT-1","NO_TLS"
"TGTTTCGGTACTTCTC-1","NO_TLS"
"TTAAACCGGTAGCGAC-1","NO_TLS"
"TTAAACCTGGTTCCTT-1","NO_TLS"
"TTAAACTCGAATTCAT-1","NO_TLS"
"TTAACACCTCGAACAT-1","NO_TLS"
"TTAACCAACCCTCCCT-1","NO_TLS"
"TTAACGTCGCAAGACC-1","NO_TLS"
"TTAACGTTAAAGCCTG-1","NO_TLS"
"TTAACTCACGCGTGGA-1","NO_TLS"
"TTAACTTCAGGTAGGA-1","NO_TLS"
"TTAAGATAGGATTGAC-1","NO_TLS"
"TTAAGCCGACAACTTC-1","NO_TLS"
"TTAAGCGCCTGACCCA-1","NO_TLS"
"TTAAGGCCCGTACTTT-1","NO_TLS"
"TTAATCAGTACGTCAG-1","NO_TLS"
"TTAATGTAGACCAGGT-1","NO_TLS"
"TTAATTGCTTTGGGTG-1","NO_TLS"
"TTAATTTCAGACGCGG-1","NO_TLS"
"TTACAACTACGCATCC-1","NO_TLS"
"TTACAGACCTAAATGA-1","NO_TLS"
"TTACATCGTGGCCTGG-1","NO_TLS"
"TTACATGCCACAACTA-1","NO_TLS"
"TTACCATTGATTACCC-1","NO_TLS"
"TTACCCATTGCCGGGT-1","NO_TLS"
"TTACCCTAACAGTCCT-1","NO_TLS"
"TTACCCTAGGGATTGG-1","NO_TLS"
"TTACGGATGGTTCGAG-1","NO_TLS"
"TTACTAAAGGACTTTA-1","NO_TLS"
"TTACTATCGGCTTCTC-1","NO_TLS"
"TTACTCCGGCCGGGAA-1","NO_TLS"
"TTACTCTGGTACGTAC-1","NO_TLS"
"TTACTGGGATATTTCA-1","NO_TLS"
"TTAGAAGAACATGACT-1","NO_TLS"
"TTAGAATAAGGGTCGG-1","NO_TLS"
"TTAGACACGATCGTTG-1","NO_TLS"
"TTAGACGAGTCACCTC-1","NO_TLS"
"TTAGAGTTTAGAAGGA-1","NO_TLS"
"TTAGATAGGTCGATAC-1","NO_TLS"
"TTAGCAACATGGATGT-1","NO_TLS"
"TTAGCTAATACGATCT-1","NO_TLS"
"TTAGCTCTGTAATCCG-1","NO_TLS"
"TTAGCTGATTTGCCGT-1","NO_TLS"
"TTAGGTCATAACCGAC-1","NO_TLS"
"TTAGTAGGGCGGCGGG-1","NO_TLS"
"TTAGTTATTCGTGGCA-1","NO_TLS"
"TTATAGGTAATTGTCT-1","NO_TLS"
"TTATATACGCTGTCAC-1","NO_TLS"
"TTATATTTGGCAATCC-1","NO_TLS"
"TTATCCAATCGAACTC-1","NO_TLS"
"TTATCCGGGATCTATA-1","NO_TLS"
"TTATCCTCAAGGAATA-1","NO_TLS"
"TTATCGCCTGCGAAGC-1","NO_TLS"
"TTATCTGACATTAGGA-1","NO_TLS"
"TTATCTGTATCATAAC-1","NO_TLS"
"TTATGAATGAAAGGGA-1","NO_TLS"
"TTATGACAAACTGGAT-1","NO_TLS"
"TTATGATCTTAACGAA-1","NO_TLS"
"TTATGTTTGCGATAGA-1","NO_TLS"
"TTATTAGAGCGTGTTC-1","TLS"
"TTATTAGGGAAGCATC-1","NO_TLS"
"TTCAAAGTCTCTAGCC-1","NO_TLS"
"TTCAACGACCCGACCG-1","NO_TLS"
"TTCAAGCCGAGCTGAG-1","NO_TLS"
"TTCAATACTCTGAATC-1","NO_TLS"
"TTCACGAAAGGATCAC-1","NO_TLS"
"TTCACTCGAGCACCTA-1","NO_TLS"
"TTCACTTCCTAGAACG-1","NO_TLS"
"TTCAGCCCTGGTCCAC-1","NO_TLS"
"TTCAGGCGTCAAAGCC-1","TLS"
"TTCAGTTTGTGGCAGC-1","NO_TLS"
"TTCATGGCGCAACAGG-1","NO_TLS"
"TTCCAATCAGAGCTAG-1","NO_TLS"
"TTCCAATCTGGCTATC-1","TLS"
"TTCCACACAGATTTGA-1","NO_TLS"
"TTCCCGGCGCCAATAG-1","NO_TLS"
"TTCCGCAGAGAAATAT-1","NO_TLS"
"TTCCGCGTGAGGCGAT-1","TLS"
"TTCCGGCCTTGAGGCT-1","NO_TLS"
"TTCCGGTTACCCACTT-1","NO_TLS"
"TTCCTCGAGGGTGTCT-1","NO_TLS"
"TTCCTCGGACTAACCA-1","NO_TLS"
"TTCCTCTGCCCGAATA-1","NO_TLS"
"TTCGACAGAGCCCGTG-1","NO_TLS"
"TTCGACGGGAAGGGCG-1","NO_TLS"
"TTCGCACTCGCGTGCT-1","NO_TLS"
"TTCGCACTGTACGACA-1","NO_TLS"
"TTCGCGCGCCATACGA-1","NO_TLS"
"TTCGCTATCTGACGTG-1","NO_TLS"
"TTCGGCAACCCGCTGA-1","NO_TLS"
"TTCGGCTAGAGATGGT-1","NO_TLS"
"TTCGGGACTAATCGCG-1","NO_TLS"
"TTCGGGCGCTAGTCTT-1","NO_TLS"
"TTCGTAATCCCAGCGG-1","NO_TLS"
"TTCGTACTCCAGAACG-1","NO_TLS"
"TTCGTTCAACGAAGTT-1","NO_TLS"
"TTCTAACCGAAGCTTA-1","NO_TLS"
"TTCTACTTGCGAGGGC-1","NO_TLS"
"TTCTAGAAAGTCTTAT-1","NO_TLS"
"TTCTAGGCCAATTGTG-1","NO_TLS"
"TTCTATTAAACGCAGC-1","NO_TLS"
"TTCTGACCGGGCTCAA-1","NO_TLS"
"TTCTGCCGCGCCTAGA-1","TLS"
"TTCTGCGAGCGCCCTT-1","NO_TLS"
"TTCTGCGGGTTAGCGG-1","NO_TLS"
"TTCTGCTAGACTCCAA-1","NO_TLS"
"TTCTGTTTCCTGTCGC-1","NO_TLS"
"TTCTTAGTGAACGGTG-1","NO_TLS"
"TTCTTAGTGGCTCAGA-1","NO_TLS"
"TTCTTGAGCCGCGCTA-1","TLS"
"TTCTTGGACGATCTGC-1","NO_TLS"
"TTCTTGGAGTAATGAG-1","NO_TLS"
"TTCTTGTAACCTAATG-1","NO_TLS"
"TTCTTGTGTCCATCAG-1","NO_TLS"
"TTCTTTGGTCGCGACG-1","NO_TLS"
"TTGAACGAATCCTTTG-1","NO_TLS"
"TTGAAGAATTCCCAGG-1","NO_TLS"
"TTGAATATGGACTTTC-1","NO_TLS"
"TTGAATCGTTGTATAA-1","NO_TLS"
"TTGAATTCACGTGAGG-1","NO_TLS"
"TTGACATGAACGTGGA-1","NO_TLS"
"TTGACCATGTTCTCCG-1","NO_TLS"
"TTGACCGTGTTAATGA-1","NO_TLS"
"TTGACGATTCAGCACG-1","NO_TLS"
"TTGACGCTCCATGAGC-1","NO_TLS"
"TTGACTACCATATGGT-1","NO_TLS"
"TTGAGAAGTTTAGCAT-1","NO_TLS"
"TTGAGAGTACTGCTAA-1","NO_TLS"
"TTGATCTAACTTTGTC-1","NO_TLS"
"TTGATGTGTAGTCCCG-1","NO_TLS"
"TTGATTAGCTGTTTCT-1","NO_TLS"
"TTGATTATGCAGATGA-1","NO_TLS"
"TTGCACAATTCAGAAA-1","NO_TLS"
"TTGCACGGAGCAGCAC-1","NO_TLS"
"TTGCATGCTGATCACG-1","NO_TLS"
"TTGCCATAGCCCGCTC-1","NO_TLS"
"TTGCCCTGATCACGGG-1","NO_TLS"
"TTGCCGCTTTCTAGTA-1","NO_TLS"
"TTGCGCTCTCTCGCTT-1","NO_TLS"
"TTGCGGCATCAGAAAG-1","NO_TLS"
"TTGCGTAGTTTGAGGA-1","NO_TLS"
"TTGCGTCGGCCAACCG-1","NO_TLS"
"TTGCGTGAACGCTTAG-1","NO_TLS"
"TTGCTCCCATACCGGA-1","NO_TLS"
"TTGCTGAAGGAACCAC-1","NO_TLS"
"TTGCTGATCATGTTCG-1","NO_TLS"
"TTGCTGCACCTATCCA-1","NO_TLS"
"TTGGAAGAATACAGTC-1","NO_TLS"
"TTGGACATGTGGCTTA-1","NO_TLS"
"TTGGACCTATAACAGT-1","NO_TLS"
"TTGGAGTCTCCCTTCT-1","NO_TLS"
"TTGGATATCGTCTACG-1","NO_TLS"
"TTGGATTGGGTACCAC-1","NO_TLS"
"TTGGCCATCTTGCGCT-1","NO_TLS"
"TTGGCCTAGAATTTCG-1","NO_TLS"
"TTGGCTCGCATGAGAC-1","NO_TLS"
"TTGGGACACTGCCCGC-1","NO_TLS"
"TTGGGCGGCGGTTGCC-1","NO_TLS"
"TTGGTCACACTCGTAA-1","NO_TLS"
"TTGGTTGCGGTGCGCG-1","NO_TLS"
"TTGTAAGGACCTAAGT-1","NO_TLS"
"TTGTAAGGCCAGTTGG-1","NO_TLS"
"TTGTAATCCGTACTCG-1","NO_TLS"
"TTGTATCACACAGAAT-1","NO_TLS"
"TTGTCACCGCGGTATC-1","NO_TLS"
"TTGTCGTTCAGTTACC-1","NO_TLS"
"TTGTGAGGCATGACGC-1","TLS"
"TTGTGCAGCCACGTCA-1","NO_TLS"
"TTGTGGCCCTGACAGT-1","NO_TLS"
"TTGTGGTAGGAGGGAT-1","NO_TLS"
"TTGTGTATGCCACCAA-1","NO_TLS"
"TTGTGTTTCCCGAAAG-1","NO_TLS"
"TTGTTAGCAAATTCGA-1","NO_TLS"
"TTGTTCAGTGTGCTAC-1","NO_TLS"
"TTGTTGTGTGTCAAGA-1","NO_TLS"
"TTGTTTCACATCCAGG-1","NO_TLS"
"TTGTTTCATTAGTCTA-1","NO_TLS"
"TTGTTTCCATACAACT-1","NO_TLS"
